season,episode,rating,reviewer_profile_id,review_date
5,7,1,ur211733180,2026-01-02
5,7,1,ur212070368,2026-01-02
5,7,1,ur139179847,2026-01-02
5,7,1,ur212120586,2026-01-02
5,7,1,ur123751237,2026-01-01
5,7,1,ur212126092,2026-01-01
5,7,1,ur212114386,2026-01-01
5,7,1,ur212116520,2026-01-01
5,7,1,ur180215707,2026-01-01
5,7,1,ur123066923,2026-01-01
5,7,1,ur212105646,2026-01-01
5,7,1,ur212107099,2026-01-01
5,7,1,ur198888906,2026-01-01
5,7,1,ur22546469,2026-01-01
5,7,1,ur209429807,2026-01-01
5,7,1,ur118486210,2025-12-31
5,7,1,ur212093423,2025-12-31
5,7,1,ur212094997,2025-12-31
5,7,1,ur212045296,2025-12-31
5,7,1,ur128444575,2025-12-31
5,7,1,ur173654854,2025-12-31
5,7,1,ur88223676,2025-12-31
5,7,1,ur40909081,2025-12-31
5,7,1,ur212090139,2025-12-31
5,7,1,ur149404511,2025-12-31
5,7,1,ur212086795,2025-12-31
5,7,1,ur212026361,2025-12-31
5,7,1,ur14520893,2025-12-31
5,7,1,ur196148391,2025-12-31
5,7,1,ur169145899,2025-12-31
5,7,1,ur40724140,2025-12-31
5,7,1,ur212083207,2025-12-31
5,7,1,ur212081136,2025-12-31
5,7,1,ur212081066,2025-12-31
5,7,1,ur212080943,2025-12-31
5,7,1,ur166734609,2025-12-31
5,7,1,ur49211068,2025-12-31
5,7,1,ur210451369,2025-12-31
5,7,1,ur19690070,2025-12-31
5,7,1,ur211200045,2025-12-31
5,7,1,ur212076687,2025-12-30
5,7,1,ur212006644,2025-12-30
5,7,1,ur127790577,2025-12-30
5,7,1,ur212076142,2025-12-30
5,7,1,ur203277530,2025-12-30
5,7,1,ur88809422,2025-12-30
5,7,1,ur156112089,2025-12-30
5,7,1,ur209628567,2025-12-30
5,7,1,ur34247321,2025-12-30
5,7,1,ur177093844,2025-12-30
5,7,1,ur41362428,2025-12-30
5,7,1,ur199809967,2025-12-30
5,7,1,ur185573102,2025-12-30
5,7,1,ur192211346,2025-12-30
5,7,1,ur83239210,2025-12-30
5,7,1,ur156923652,2025-12-30
5,7,1,ur8109197,2025-12-30
5,7,1,ur212067240,2025-12-30
5,7,1,ur212064403,2025-12-30
5,7,1,ur212059699,2025-12-30
5,7,1,ur80977172,2025-12-30
5,7,1,ur43934139,2025-12-30
5,7,1,ur212060726,2025-12-30
5,7,1,ur212062309,2025-12-30
5,7,1,ur183330826,2025-12-30
5,7,1,ur90923950,2025-12-30
5,7,1,ur78113956,2025-12-30
5,7,1,ur92525333,2025-12-30
5,7,1,ur206523223,2025-12-30
5,7,1,ur152136200,2025-12-30
5,7,1,ur212061472,2025-12-30
5,7,1,ur212059546,2025-12-30
5,7,1,ur212060506,2025-12-30
5,7,1,ur52177039,2025-12-30
5,7,1,ur212060476,2025-12-30
5,7,1,ur87706510,2025-12-30
5,7,1,ur20069486,2025-12-30
5,7,1,ur212060363,2025-12-30
5,7,1,ur212044246,2025-12-30
5,7,1,ur186232572,2025-12-30
5,7,1,ur23456089,2025-12-30
5,7,1,ur118965747,2025-12-30
5,7,1,ur212059619,2025-12-30
5,7,1,ur212057196,2025-12-30
5,7,1,ur212056696,2025-12-30
5,7,1,ur69765004,2025-12-30
5,7,1,ur199217847,2025-12-30
5,7,1,ur212058242,2025-12-30
5,7,1,ur198708073,2025-12-30
5,7,1,ur84008297,2025-12-30
5,7,1,ur191078257,2025-12-30
5,7,1,ur201274774,2025-12-30
5,7,1,ur9374053,2025-12-30
5,7,1,ur212054275,2025-12-30
5,7,1,ur140297525,2025-12-30
5,7,1,ur128327050,2025-12-30
5,7,1,ur161873176,2025-12-30
5,7,1,ur40734357,2025-12-30
5,7,1,ur99798137,2025-12-30
5,7,1,ur212054692,2025-12-30
5,7,1,ur212054270,2025-12-30
5,7,1,ur211966206,2025-12-30
5,7,1,ur203118464,2025-12-30
5,7,1,ur212050076,2025-12-30
5,7,1,ur212050384,2025-12-30
5,7,1,ur201341312,2025-12-30
5,7,1,ur212052069,2025-12-30
5,7,1,ur63851795,2025-12-30
5,7,1,ur134222125,2025-12-30
5,7,1,ur212051112,2025-12-30
5,7,1,ur156386698,2025-12-30
5,7,1,ur212049593,2025-12-30
5,7,1,ur212049883,2025-12-30
5,7,1,ur211369249,2025-12-29
5,7,1,ur188764061,2025-12-29
5,7,1,ur2279884,2025-12-29
5,7,1,ur107524454,2025-12-29
5,7,1,ur155358207,2025-12-29
5,7,1,ur28413547,2025-12-29
5,7,1,ur170021412,2025-12-29
5,7,1,ur212047038,2025-12-29
5,7,1,ur23904772,2025-12-29
5,7,1,ur212045384,2025-12-29
5,7,1,ur181355031,2025-12-29
5,7,1,ur212031565,2025-12-29
5,7,1,ur90740255,2025-12-29
5,7,1,ur156741703,2025-12-29
5,7,1,ur212043832,2025-12-29
5,7,1,ur75444982,2025-12-29
5,7,1,ur79633566,2025-12-29
5,7,1,ur96307186,2025-12-29
5,7,1,ur212041228,2025-12-29
5,7,1,ur212040139,2025-12-29
5,7,1,ur212039571,2025-12-29
5,7,1,ur130034642,2025-12-29
5,7,1,ur92417128,2025-12-29
5,7,1,ur198682241,2025-12-29
5,7,1,ur212027873,2025-12-29
5,7,1,ur212036773,2025-12-29
5,7,1,ur212036683,2025-12-29
5,7,1,ur212036544,2025-12-29
5,7,1,ur122915413,2025-12-29
5,7,1,ur194683879,2025-12-29
5,7,1,ur176452754,2025-12-29
5,7,1,ur212002478,2025-12-29
5,7,1,ur206727388,2025-12-29
5,7,1,ur201688927,2025-12-29
5,7,1,ur179197587,2025-12-29
5,7,1,ur210603426,2025-12-29
5,7,1,ur212032352,2025-12-29
5,7,1,ur161669803,2025-12-29
5,7,1,ur208406536,2025-12-29
5,7,1,ur211962404,2025-12-29
5,7,1,ur212030623,2025-12-29
5,7,1,ur135993652,2025-12-29
5,7,1,ur82244998,2025-12-29
5,7,1,ur165899931,2025-12-29
5,7,1,ur160505054,2025-12-29
5,7,1,ur4225336,2025-12-29
5,7,1,ur154009727,2025-12-29
5,7,1,ur212028310,2025-12-29
5,7,1,ur80250817,2025-12-29
5,7,1,ur141037465,2025-12-29
5,7,1,ur147767956,2025-12-29
5,7,1,ur212027940,2025-12-29
5,7,1,ur112605464,2025-12-29
5,7,1,ur212026449,2025-12-29
5,7,1,ur193653308,2025-12-29
5,7,1,ur129248918,2025-12-29
5,7,1,ur198424868,2025-12-29
5,7,1,ur136652323,2025-12-29
5,7,1,ur207529974,2025-12-29
5,7,1,ur211975690,2025-12-29
5,7,1,ur128526580,2025-12-29
5,7,1,ur211972905,2025-12-29
5,7,1,ur125520335,2025-12-29
5,7,1,ur211985853,2025-12-29
5,7,1,ur211983008,2025-12-29
5,7,1,ur212023180,2025-12-29
5,7,1,ur212022744,2025-12-29
5,7,1,ur153572421,2025-12-29
5,7,1,ur63886990,2025-12-29
5,7,1,ur212020557,2025-12-29
5,7,1,ur62090048,2025-12-29
5,7,1,ur212021975,2025-12-29
5,7,1,ur210272637,2025-12-29
5,7,1,ur70021305,2025-12-29
5,7,1,ur212021150,2025-12-29
5,7,1,ur212019765,2025-12-29
5,7,1,ur212019840,2025-12-29
5,7,1,ur22103433,2025-12-29
5,7,1,ur183692297,2025-12-29
5,7,1,ur212019290,2025-12-29
5,7,1,ur212020038,2025-12-29
5,7,1,ur160293566,2025-12-29
5,7,1,ur174724156,2025-12-29
5,7,1,ur143438879,2025-12-29
5,7,1,ur149947914,2025-12-29
5,7,1,ur64132660,2025-12-29
5,7,1,ur190592958,2025-12-29
5,7,1,ur211393171,2025-12-29
5,7,1,ur29627187,2025-12-29
5,7,1,ur159590905,2025-12-29
5,7,1,ur212012617,2025-12-29
5,7,1,ur212012826,2025-12-29
5,7,1,ur212012892,2025-12-29
5,7,1,ur145298902,2025-12-29
5,7,1,ur84087162,2025-12-29
5,7,1,ur212011234,2025-12-29
5,7,1,ur167852388,2025-12-29
5,7,1,ur198554281,2025-12-29
5,7,1,ur70290109,2025-12-29
5,7,1,ur156484087,2025-12-29
5,7,1,ur134450585,2025-12-28
5,7,1,ur161754433,2025-12-28
5,7,1,ur151844148,2025-12-28
5,7,1,ur212010490,2025-12-28
5,7,1,ur212009226,2025-12-28
5,7,1,ur212010069,2025-12-28
5,7,1,ur212009592,2025-12-28
5,7,1,ur30484919,2025-12-28
5,7,1,ur211780310,2025-12-28
5,7,1,ur212009919,2025-12-28
5,7,1,ur212002543,2025-12-28
5,7,1,ur212009430,2025-12-28
5,7,1,ur212009309,2025-12-28
5,7,1,ur183354278,2025-12-28
5,7,1,ur203969017,2025-12-28
5,7,1,ur161974075,2025-12-28
5,7,1,ur212008293,2025-12-28
5,7,1,ur168219137,2025-12-28
5,7,1,ur200161925,2025-12-28
5,7,1,ur61307518,2025-12-28
5,7,1,ur212006397,2025-12-28
5,7,1,ur185340365,2025-12-28
5,7,1,ur173458601,2025-12-28
5,7,1,ur80300028,2025-12-28
5,7,1,ur176760968,2025-12-28
5,7,1,ur212006530,2025-12-28
5,7,1,ur212006523,2025-12-28
5,7,1,ur211989700,2025-12-28
5,7,1,ur192272844,2025-12-28
5,7,1,ur212004568,2025-12-28
5,7,1,ur212005525,2025-12-28
5,7,1,ur211992132,2025-12-28
5,7,1,ur212004267,2025-12-28
5,7,1,ur161801928,2025-12-28
5,7,1,ur212004402,2025-12-28
5,7,1,ur196719799,2025-12-28
5,7,1,ur212004568,2025-12-28
5,7,1,ur212005031,2025-12-28
5,7,1,ur201193869,2025-12-28
5,7,1,ur212004988,2025-12-28
5,7,1,ur169032735,2025-12-28
5,7,1,ur157165526,2025-12-28
5,7,1,ur211995566,2025-12-28
5,7,1,ur211938384,2025-12-28
5,7,1,ur212004718,2025-12-28
5,7,1,ur212004164,2025-12-28
5,7,1,ur211962265,2025-12-28
5,7,1,ur119806130,2025-12-28
5,7,1,ur211981632,2025-12-28
5,7,1,ur212004128,2025-12-28
5,7,1,ur212003501,2025-12-28
5,7,1,ur212002711,2025-12-28
5,7,1,ur212003132,2025-12-28
5,7,1,ur212001057,2025-12-28
5,7,1,ur212001767,2025-12-28
5,7,1,ur209391309,2025-12-28
5,7,1,ur211980699,2025-12-28
5,7,1,ur212001207,2025-12-28
5,7,1,ur212002653,2025-12-28
5,7,1,ur46241142,2025-12-28
5,7,1,ur212001674,2025-12-28
5,7,1,ur212001808,2025-12-28
5,7,1,ur212001130,2025-12-28
5,7,1,ur212001558,2025-12-28
5,7,1,ur212000513,2025-12-28
5,7,1,ur212001070,2025-12-28
5,7,1,ur211999275,2025-12-28
5,7,1,ur31753402,2025-12-28
5,7,1,ur212001389,2025-12-28
5,7,1,ur60497743,2025-12-28
5,7,1,ur211985553,2025-12-28
5,7,1,ur53316792,2025-12-28
5,7,1,ur187200464,2025-12-28
5,7,1,ur211993746,2025-12-28
5,7,1,ur211997605,2025-12-28
5,7,1,ur211999577,2025-12-28
5,7,1,ur211998709,2025-12-28
5,7,1,ur211999244,2025-12-28
5,7,1,ur211999992,2025-12-28
5,7,1,ur211999302,2025-12-28
5,7,1,ur211950143,2025-12-28
5,7,1,ur211999014,2025-12-28
5,7,1,ur211983697,2025-12-28
5,7,1,ur211998026,2025-12-28
5,7,1,ur134601907,2025-12-28
5,7,1,ur111439092,2025-12-28
5,7,1,ur137615730,2025-12-28
5,7,1,ur211999129,2025-12-28
5,7,1,ur211998623,2025-12-28
5,7,1,ur211999339,2025-12-28
5,7,1,ur206372099,2025-12-28
5,7,1,ur211998242,2025-12-28
5,7,1,ur211998908,2025-12-28
5,7,1,ur198846293,2025-12-28
5,7,1,ur133438191,2025-12-28
5,7,1,ur160076488,2025-12-28
5,7,1,ur211997162,2025-12-28
5,7,1,ur84761629,2025-12-28
5,7,1,ur211996707,2025-12-28
5,7,1,ur211996585,2025-12-28
5,7,1,ur156505644,2025-12-28
5,7,1,ur211997719,2025-12-28
5,7,1,ur211997374,2025-12-28
5,7,1,ur164823857,2025-12-28
5,7,1,ur200281243,2025-12-28
5,7,1,ur211413966,2025-12-28
5,7,1,ur211996711,2025-12-28
5,7,1,ur211997310,2025-12-28
5,7,1,ur124798431,2025-12-28
5,7,1,ur211996072,2025-12-28
5,7,1,ur211995809,2025-12-28
5,7,1,ur211995185,2025-12-28
5,7,1,ur211997069,2025-12-28
5,7,1,ur211996894,2025-12-28
5,7,1,ur211995184,2025-12-28
5,7,1,ur211996629,2025-12-28
5,7,1,ur195677786,2025-12-28
5,7,1,ur211996440,2025-12-28
5,7,1,ur211994554,2025-12-28
5,7,1,ur211995353,2025-12-28
5,7,1,ur186805269,2025-12-28
5,7,1,ur211974045,2025-12-28
5,7,1,ur211996310,2025-12-28
5,7,1,ur211985351,2025-12-28
5,7,1,ur188167652,2025-12-28
5,7,1,ur211995732,2025-12-28
5,7,1,ur211993677,2025-12-28
5,7,1,ur211995770,2025-12-28
5,7,1,ur82907893,2025-12-28
5,7,1,ur211994849,2025-12-28
5,7,1,ur142231858,2025-12-28
5,7,1,ur211993614,2025-12-28
5,7,1,ur211992826,2025-12-28
5,7,1,ur211994006,2025-12-28
5,7,1,ur30617000,2025-12-28
5,7,1,ur211993807,2025-12-28
5,7,1,ur204792378,2025-12-28
5,7,1,ur186715582,2025-12-28
5,7,1,ur211994470,2025-12-28
5,7,1,ur211992684,2025-12-28
5,7,1,ur211993255,2025-12-28
5,7,1,ur69760883,2025-12-28
5,7,1,ur211993823,2025-12-28
5,7,1,ur211993330,2025-12-28
5,7,1,ur211994168,2025-12-28
5,7,1,ur163395946,2025-12-28
5,7,1,ur211993224,2025-12-28
5,7,1,ur211992842,2025-12-28
5,7,1,ur211993072,2025-12-28
5,7,1,ur120319935,2025-12-28
5,7,1,ur58547825,2025-12-28
5,7,1,ur67971833,2025-12-28
5,7,1,ur211992014,2025-12-28
5,7,1,ur211989269,2025-12-28
5,7,1,ur211991434,2025-12-28
5,7,1,ur211990596,2025-12-28
5,7,1,ur211992040,2025-12-28
5,7,1,ur211987450,2025-12-28
5,7,1,ur199330185,2025-12-28
5,7,1,ur211990135,2025-12-28
5,7,1,ur211989285,2025-12-28
5,7,1,ur211990267,2025-12-28
5,7,1,ur211989865,2025-12-28
5,7,1,ur211990428,2025-12-28
5,7,1,ur211991082,2025-12-28
5,7,1,ur211989687,2025-12-28
5,7,1,ur211991015,2025-12-28
5,7,1,ur39231153,2025-12-28
5,7,1,ur211989285,2025-12-28
5,7,1,ur211990574,2025-12-28
5,7,1,ur211991668,2025-12-28
5,7,1,ur211991219,2025-12-28
5,7,1,ur211989700,2025-12-28
5,7,1,ur211990257,2025-12-28
5,7,1,ur211990623,2025-12-28
5,7,1,ur211989956,2025-12-28
5,7,1,ur211991110,2025-12-28
5,7,1,ur151506928,2025-12-28
5,7,1,ur211991298,2025-12-28
5,7,1,ur211991079,2025-12-28
5,7,1,ur206560023,2025-12-28
5,7,1,ur211989397,2025-12-28
5,7,1,ur211990241,2025-12-28
5,7,1,ur211990532,2025-12-28
5,7,1,ur211990313,2025-12-28
5,7,1,ur211991088,2025-12-28
5,7,1,ur211990155,2025-12-28
5,7,1,ur208452397,2025-12-28
5,7,1,ur211987716,2025-12-28
5,7,1,ur200036919,2025-12-28
5,7,1,ur211985428,2025-12-28
5,7,1,ur211989931,2025-12-28
5,7,1,ur148005975,2025-12-28
5,7,1,ur211990308,2025-12-28
5,7,1,ur211989992,2025-12-28
5,7,1,ur126672101,2025-12-28
5,7,1,ur211990209,2025-12-28
5,7,1,ur211990108,2025-12-28
5,7,1,ur211989246,2025-12-28
5,7,1,ur195614923,2025-12-28
5,7,1,ur211987765,2025-12-28
5,7,1,ur211989179,2025-12-28
5,7,1,ur211987517,2025-12-28
5,7,1,ur211989348,2025-12-28
5,7,1,ur211988790,2025-12-28
5,7,1,ur211987951,2025-12-28
5,7,1,ur211988848,2025-12-28
5,7,1,ur177752485,2025-12-28
5,7,1,ur18946496,2025-12-28
5,7,1,ur211987215,2025-12-28
5,7,1,ur204675052,2025-12-28
5,7,1,ur211986897,2025-12-28
5,7,1,ur211988428,2025-12-28
5,7,1,ur211986315,2025-12-28
5,7,1,ur203224454,2025-12-28
5,7,1,ur211986537,2025-12-28
5,7,1,ur211987463,2025-12-28
5,7,1,ur211519548,2025-12-28
5,7,1,ur211987313,2025-12-28
5,7,1,ur211986672,2025-12-28
5,7,1,ur211987081,2025-12-28
5,7,1,ur211987658,2025-12-28
5,7,1,ur211986223,2025-12-28
5,7,1,ur211986425,2025-12-28
5,7,1,ur211986763,2025-12-28
5,7,1,ur211986690,2025-12-28
5,7,1,ur211986701,2025-12-28
5,7,1,ur211986852,2025-12-28
5,7,1,ur211987009,2025-12-28
5,7,1,ur211985385,2025-12-28
5,7,1,ur198169699,2025-12-28
5,7,1,ur211982277,2025-12-28
5,7,1,ur211985912,2025-12-28
5,7,1,ur211985873,2025-12-28
5,7,1,ur211985934,2025-12-28
5,7,1,ur211984124,2025-12-28
5,7,1,ur211984675,2025-12-28
5,7,1,ur75480531,2025-12-28
5,7,1,ur211983586,2025-12-28
5,7,1,ur211984413,2025-12-28
5,7,1,ur211985238,2025-12-28
5,7,1,ur211983196,2025-12-28
5,7,1,ur190747586,2025-12-28
5,7,1,ur211983903,2025-12-28
5,7,1,ur186873506,2025-12-28
5,7,1,ur211983099,2025-12-28
5,7,1,ur158520272,2025-12-28
5,7,1,ur198252518,2025-12-28
5,7,1,ur121558269,2025-12-28
5,7,1,ur211983232,2025-12-28
5,7,1,ur211982333,2025-12-28
5,7,1,ur211983219,2025-12-28
5,7,1,ur198250107,2025-12-28
5,7,1,ur211981776,2025-12-28
5,7,1,ur161596583,2025-12-28
5,7,1,ur41416340,2025-12-28
5,7,1,ur211982809,2025-12-28
5,7,1,ur211981662,2025-12-28
5,7,1,ur211359396,2025-12-28
5,7,1,ur149326597,2025-12-28
5,7,1,ur211943747,2025-12-28
5,7,1,ur211981209,2025-12-28
5,7,1,ur211982440,2025-12-28
5,7,1,ur211981861,2025-12-28
5,7,1,ur211980085,2025-12-28
5,7,1,ur211981612,2025-12-28
5,7,1,ur211981056,2025-12-28
5,7,1,ur211981711,2025-12-28
5,7,1,ur203975205,2025-12-28
5,7,1,ur211808946,2025-12-28
5,7,1,ur211980501,2025-12-28
5,7,1,ur211980846,2025-12-28
5,7,1,ur211981035,2025-12-28
5,7,1,ur61382430,2025-12-28
5,7,1,ur211979693,2025-12-28
5,7,1,ur211963014,2025-12-28
5,7,1,ur211979277,2025-12-28
5,7,1,ur211972325,2025-12-28
5,7,1,ur163519861,2025-12-28
5,7,1,ur68204776,2025-12-28
5,7,1,ur211978573,2025-12-28
5,7,1,ur211978245,2025-12-28
5,7,1,ur211979445,2025-12-28
5,7,1,ur190759069,2025-12-28
5,7,1,ur211979492,2025-12-28
5,7,1,ur211818592,2025-12-28
5,7,1,ur211978736,2025-12-28
5,7,1,ur123837974,2025-12-28
5,7,1,ur211978809,2025-12-28
5,7,1,ur211977695,2025-12-28
5,7,1,ur211976924,2025-12-28
5,7,1,ur211978999,2025-12-28
5,7,1,ur211977553,2025-12-28
5,7,1,ur211700178,2025-12-28
5,7,1,ur155864833,2025-12-28
5,7,1,ur211977065,2025-12-28
5,7,1,ur211978008,2025-12-28
5,7,1,ur150194517,2025-12-28
5,7,1,ur211976981,2025-12-28
5,7,1,ur211976226,2025-12-28
5,7,1,ur211977127,2025-12-28
5,7,1,ur211976755,2025-12-28
5,7,1,ur211975446,2025-12-28
5,7,1,ur210709957,2025-12-28
5,7,1,ur67786025,2025-12-28
5,7,1,ur211976535,2025-12-28
5,7,1,ur54917228,2025-12-28
5,7,1,ur200404088,2025-12-28
5,7,1,ur169201532,2025-12-28
5,7,1,ur80210196,2025-12-28
5,7,1,ur211975505,2025-12-28
5,7,1,ur211976752,2025-12-28
5,7,1,ur162111251,2025-12-28
5,7,1,ur210789355,2025-12-28
5,7,1,ur211974575,2025-12-28
5,7,1,ur211976290,2025-12-28
5,7,1,ur211976531,2025-12-28
5,7,1,ur211975456,2025-12-28
5,7,1,ur74893277,2025-12-28
5,7,1,ur171217179,2025-12-28
5,7,1,ur211976142,2025-12-28
5,7,1,ur211975205,2025-12-28
5,7,1,ur206072402,2025-12-28
5,7,1,ur211962358,2025-12-28
5,7,1,ur211976153,2025-12-28
5,7,1,ur211974387,2025-12-28
5,7,1,ur205949965,2025-12-28
5,7,1,ur211975888,2025-12-28
5,7,1,ur211975518,2025-12-28
5,7,1,ur177637324,2025-12-28
5,7,1,ur211974093,2025-12-28
5,7,1,ur211974583,2025-12-28
5,7,1,ur160708158,2025-12-27
5,7,1,ur211974968,2025-12-27
5,7,1,ur204958212,2025-12-27
5,7,1,ur211974728,2025-12-27
5,7,1,ur211974598,2025-12-27
5,7,1,ur211974498,2025-12-27
5,7,1,ur211971157,2025-12-27
5,7,1,ur211962684,2025-12-27
5,7,1,ur211972157,2025-12-27
5,7,1,ur211949017,2025-12-27
5,7,1,ur211973093,2025-12-27
5,7,1,ur38100275,2025-12-27
5,7,1,ur44105493,2025-12-27
5,7,1,ur211971821,2025-12-27
5,7,1,ur211971972,2025-12-27
5,7,1,ur211972412,2025-12-27
5,7,1,ur166120855,2025-12-27
5,7,1,ur160405224,2025-12-27
5,7,1,ur211971215,2025-12-27
5,7,1,ur211972478,2025-12-27
5,7,1,ur61288445,2025-12-27
5,7,1,ur167996842,2025-12-27
5,7,1,ur211970005,2025-12-27
5,7,1,ur211970057,2025-12-27
5,7,1,ur156988694,2025-12-27
5,7,1,ur134194822,2025-12-27
5,7,1,ur69819284,2025-12-27
5,7,1,ur211970850,2025-12-27
5,7,1,ur155005090,2025-12-27
5,7,1,ur211970121,2025-12-27
5,7,1,ur211969784,2025-12-27
5,7,1,ur211967277,2025-12-27
5,7,1,ur211969988,2025-12-27
5,7,1,ur211968853,2025-12-27
5,7,1,ur82927754,2025-12-27
5,7,1,ur152631626,2025-12-27
5,7,1,ur211968344,2025-12-27
5,7,1,ur58907779,2025-12-27
5,7,1,ur185810957,2025-12-27
5,7,1,ur211968530,2025-12-27
5,7,1,ur211967910,2025-12-27
5,7,1,ur211968000,2025-12-27
5,7,1,ur211941807,2025-12-27
5,7,1,ur211943953,2025-12-27
5,7,1,ur211967949,2025-12-27
5,7,1,ur211952558,2025-12-27
5,7,1,ur211966546,2025-12-27
5,7,1,ur93496079,2025-12-27
5,7,1,ur134683429,2025-12-27
5,7,1,ur211965767,2025-12-27
5,7,1,ur77800682,2025-12-27
5,7,1,ur211966432,2025-12-27
5,7,1,ur211966714,2025-12-27
5,7,1,ur44376853,2025-12-27
5,7,1,ur211941272,2025-12-27
5,7,1,ur211964687,2025-12-27
5,7,1,ur68354993,2025-12-27
5,7,1,ur183433010,2025-12-27
5,7,1,ur207026959,2025-12-27
5,7,1,ur211931467,2025-12-27
5,7,1,ur189846619,2025-12-27
5,7,1,ur211965447,2025-12-27
5,7,1,ur73925268,2025-12-27
5,7,1,ur211965790,2025-12-27
5,7,1,ur161840125,2025-12-27
5,7,1,ur175871220,2025-12-27
5,7,1,ur126971055,2025-12-27
5,7,1,ur139644381,2025-12-27
5,7,1,ur92343058,2025-12-27
5,7,1,ur151811693,2025-12-27
5,7,1,ur6598130,2025-12-27
5,7,1,ur148629461,2025-12-27
5,7,1,ur211964503,2025-12-27
5,7,1,ur30895268,2025-12-27
5,7,1,ur41344193,2025-12-27
5,7,1,ur211962916,2025-12-27
5,7,1,ur211944310,2025-12-27
5,7,1,ur158603938,2025-12-27
5,7,1,ur211961025,2025-12-27
5,7,1,ur181679651,2025-12-27
5,7,1,ur211962260,2025-12-27
5,7,1,ur211960787,2025-12-27
5,7,1,ur40331203,2025-12-27
5,7,1,ur211961401,2025-12-27
5,7,1,ur211959475,2025-12-27
5,7,1,ur197018472,2025-12-27
5,7,1,ur153582636,2025-12-27
5,7,1,ur97935829,2025-12-27
5,7,1,ur59689566,2025-12-27
5,7,1,ur193907203,2025-12-27
5,7,1,ur211711767,2025-12-27
5,7,1,ur211959072,2025-12-27
5,7,1,ur142493108,2025-12-27
5,7,1,ur211958005,2025-12-27
5,7,1,ur194139063,2025-12-27
5,7,1,ur96647559,2025-12-27
5,7,1,ur211957400,2025-12-27
5,7,1,ur166875181,2025-12-27
5,7,1,ur211957573,2025-12-27
5,7,1,ur211957921,2025-12-27
5,7,1,ur198806210,2025-12-27
5,7,1,ur211956352,2025-12-27
5,7,1,ur118522946,2025-12-27
5,7,1,ur40454034,2025-12-27
5,7,1,ur122287178,2025-12-27
5,7,1,ur145830516,2025-12-27
5,7,1,ur211955261,2025-12-27
5,7,1,ur161839388,2025-12-27
5,7,1,ur211953414,2025-12-27
5,7,1,ur211954365,2025-12-27
5,7,1,ur200949607,2025-12-27
5,7,1,ur211954084,2025-12-27
5,7,1,ur211954968,2025-12-27
5,7,1,ur200887314,2025-12-27
5,7,1,ur56979352,2025-12-27
5,7,1,ur140542649,2025-12-27
5,7,1,ur158772923,2025-12-27
5,7,1,ur211954189,2025-12-27
5,7,1,ur211950750,2025-12-27
5,7,1,ur211951926,2025-12-27
5,7,1,ur211953014,2025-12-27
5,7,1,ur211946333,2025-12-27
5,7,1,ur211950895,2025-12-27
5,7,1,ur69042788,2025-12-27
5,7,1,ur211951086,2025-12-27
5,7,1,ur158113309,2025-12-27
5,7,1,ur132407024,2025-12-27
5,7,1,ur157284969,2025-12-27
5,7,1,ur211951572,2025-12-27
5,7,1,ur200380762,2025-12-27
5,7,1,ur211952058,2025-12-27
5,7,1,ur211950054,2025-12-27
5,7,1,ur171921380,2025-12-27
5,7,1,ur211213935,2025-12-27
5,7,1,ur201324740,2025-12-27
5,7,1,ur160362154,2025-12-27
5,7,1,ur211949642,2025-12-27
5,7,1,ur211950148,2025-12-27
5,7,1,ur125742430,2025-12-27
5,7,1,ur72772557,2025-12-27
5,7,1,ur81120173,2025-12-27
5,7,1,ur211948909,2025-12-27
5,7,1,ur211947812,2025-12-27
5,7,1,ur171745132,2025-12-27
5,7,1,ur211948698,2025-12-27
5,7,1,ur211947515,2025-12-27
5,7,1,ur211946286,2025-12-27
5,7,1,ur211947285,2025-12-27
5,7,1,ur132350764,2025-12-27
5,7,1,ur211946842,2025-12-27
5,7,1,ur164966795,2025-12-27
5,7,1,ur201975214,2025-12-27
5,7,1,ur130195192,2025-12-27
5,7,1,ur46805669,2025-12-27
5,7,1,ur211945594,2025-12-27
5,7,1,ur130920750,2025-12-26
5,7,1,ur211945243,2025-12-26
5,7,1,ur211944742,2025-12-26
5,7,1,ur211570858,2025-12-26
5,7,1,ur205892257,2025-12-26
5,7,1,ur204702869,2025-12-26
5,7,1,ur211944085,2025-12-26
5,7,1,ur211944668,2025-12-26
5,7,1,ur211943726,2025-12-26
5,7,1,ur211944281,2025-12-26
5,7,1,ur211944132,2025-12-26
5,7,1,ur190095155,2025-12-26
5,7,1,ur206729578,2025-12-26
5,7,1,ur211942657,2025-12-26
5,7,1,ur31841202,2025-12-26
5,7,1,ur211941835,2025-12-26
5,7,1,ur50099192,2025-12-26
5,7,1,ur211823440,2025-12-26
5,7,1,ur72488179,2025-12-26
5,7,1,ur211943300,2025-12-26
5,7,1,ur78876920,2025-12-26
5,7,1,ur165894661,2025-12-26
5,7,1,ur211942003,2025-12-26
5,7,1,ur186175427,2025-12-26
5,7,1,ur161392426,2025-12-26
5,7,1,ur117767980,2025-12-26
5,7,1,ur211940479,2025-12-26
5,7,1,ur137569057,2025-12-26
5,7,1,ur184346844,2025-12-26
5,7,1,ur211938942,2025-12-26
5,7,1,ur211938563,2025-12-26
5,7,1,ur203560942,2025-12-26
5,7,1,ur211937565,2025-12-26
5,7,1,ur207915825,2025-12-26
5,7,1,ur147416754,2025-12-26
5,7,1,ur211937000,2025-12-26
5,7,1,ur162408273,2025-12-26
5,7,1,ur63563605,2025-12-26
5,7,1,ur211936710,2025-12-26
5,7,1,ur211936709,2025-12-26
5,7,1,ur211935601,2025-12-26
5,7,1,ur211935532,2025-12-26
5,7,1,ur134570044,2025-12-26
5,7,1,ur211936068,2025-12-26
5,7,1,ur211935410,2025-12-26
5,7,1,ur211935090,2025-12-26
5,7,1,ur211935348,2025-12-26
5,7,1,ur211927834,2025-12-26
5,7,1,ur211933716,2025-12-26
5,7,1,ur147934011,2025-12-26
5,7,1,ur200460401,2025-12-26
5,7,1,ur211858475,2025-12-26
5,7,1,ur211928667,2025-12-26
5,7,1,ur44603931,2025-12-26
5,7,1,ur183292465,2025-12-26
5,7,1,ur168713704,2025-12-26
5,7,1,ur211926916,2025-12-26
5,7,1,ur211926236,2025-12-26
5,7,1,ur211925564,2025-12-26
5,7,1,ur211925420,2025-12-26
5,7,1,ur152161011,2025-12-26
5,7,1,ur131743618,2025-12-26
5,7,1,ur210882722,2025-12-26
5,7,2,ur201046385,2026-01-02
5,7,2,ur13993997,2026-01-02
5,7,2,ur212106353,2026-01-01
5,7,2,ur155269648,2026-01-01
5,7,2,ur120411677,2025-12-31
5,7,2,ur212082029,2025-12-31
5,7,2,ur212081218,2025-12-31
5,7,2,ur75403271,2025-12-30
5,7,2,ur156533123,2025-12-30
5,7,2,ur211906323,2025-12-30
5,7,2,ur68577618,2025-12-30
5,7,2,ur212069843,2025-12-30
5,7,2,ur167600581,2025-12-30
5,7,2,ur1101051,2025-12-30
5,7,2,ur212065024,2025-12-30
5,7,2,ur68475681,2025-12-30
5,7,2,ur208481701,2025-12-30
5,7,2,ur47710969,2025-12-30
5,7,2,ur212055346,2025-12-30
5,7,2,ur212055914,2025-12-30
5,7,2,ur51932784,2025-12-30
5,7,2,ur178409633,2025-12-30
5,7,2,ur173689531,2025-12-29
5,7,2,ur122634259,2025-12-29
5,7,2,ur165264056,2025-12-29
5,7,2,ur72797176,2025-12-29
5,7,2,ur212046599,2025-12-29
5,7,2,ur212045703,2025-12-29
5,7,2,ur109134191,2025-12-29
5,7,2,ur212041946,2025-12-29
5,7,2,ur17264912,2025-12-29
5,7,2,ur211195362,2025-12-29
5,7,2,ur205045155,2025-12-29
5,7,2,ur212033071,2025-12-29
5,7,2,ur94451251,2025-12-29
5,7,2,ur212029609,2025-12-29
5,7,2,ur38490927,2025-12-29
5,7,2,ur29411711,2025-12-29
5,7,2,ur211993833,2025-12-29
5,7,2,ur11108138,2025-12-29
5,7,2,ur204348978,2025-12-29
5,7,2,ur212017311,2025-12-29
5,7,2,ur129434507,2025-12-29
5,7,2,ur212013154,2025-12-29
5,7,2,ur212007014,2025-12-29
5,7,2,ur212007014,2025-12-29
5,7,2,ur160606880,2025-12-29
5,7,2,ur212012315,2025-12-29
5,7,2,ur212011933,2025-12-29
5,7,2,ur212011287,2025-12-29
5,7,2,ur212011579,2025-12-29
5,7,2,ur212009036,2025-12-28
5,7,2,ur109257847,2025-12-28
5,7,2,ur212008850,2025-12-28
5,7,2,ur146611987,2025-12-28
5,7,2,ur212006350,2025-12-28
5,7,2,ur153495160,2025-12-28
5,7,2,ur198626664,2025-12-28
5,7,2,ur201607119,2025-12-28
5,7,2,ur187859941,2025-12-28
5,7,2,ur212000846,2025-12-28
5,7,2,ur212001538,2025-12-28
5,7,2,ur211999545,2025-12-28
5,7,2,ur198839767,2025-12-28
5,7,2,ur68263399,2025-12-28
5,7,2,ur211993941,2025-12-28
5,7,2,ur153315703,2025-12-28
5,7,2,ur211992017,2025-12-28
5,7,2,ur211992391,2025-12-28
5,7,2,ur211940290,2025-12-28
5,7,2,ur211992143,2025-12-28
5,7,2,ur189908590,2025-12-28
5,7,2,ur168233243,2025-12-28
5,7,2,ur7911392,2025-12-28
5,7,2,ur211990559,2025-12-28
5,7,2,ur176162542,2025-12-28
5,7,2,ur211988195,2025-12-28
5,7,2,ur210043463,2025-12-28
5,7,2,ur119296743,2025-12-28
5,7,2,ur79893210,2025-12-28
5,7,2,ur211984598,2025-12-28
5,7,2,ur211979814,2025-12-28
5,7,2,ur85548868,2025-12-28
5,7,2,ur142926543,2025-12-28
5,7,2,ur211982409,2025-12-28
5,7,2,ur211982269,2025-12-28
5,7,2,ur162942653,2025-12-28
5,7,2,ur211980106,2025-12-28
5,7,2,ur165152782,2025-12-28
5,7,2,ur211949915,2025-12-28
5,7,2,ur75953166,2025-12-28
5,7,2,ur211958183,2025-12-28
5,7,2,ur211978733,2025-12-28
5,7,2,ur211944034,2025-12-28
5,7,2,ur211974842,2025-12-28
5,7,2,ur211976658,2025-12-28
5,7,2,ur211975640,2025-12-28
5,7,2,ur192626216,2025-12-28
5,7,2,ur30179613,2025-12-27
5,7,2,ur206078680,2025-12-27
5,7,2,ur156845230,2025-12-27
5,7,2,ur211971161,2025-12-27
5,7,2,ur139554797,2025-12-27
5,7,2,ur91391219,2025-12-27
5,7,2,ur172315486,2025-12-27
5,7,2,ur211949909,2025-12-27
5,7,2,ur64715647,2025-12-27
5,7,2,ur208779302,2025-12-27
5,7,2,ur211949559,2025-12-27
5,7,2,ur135980937,2025-12-27
5,7,2,ur26194329,2025-12-27
5,7,2,ur124440819,2025-12-27
5,7,2,ur167617182,2025-12-27
5,7,2,ur211956972,2025-12-27
5,7,2,ur211961526,2025-12-27
5,7,2,ur147504828,2025-12-27
5,7,2,ur136096449,2025-12-27
5,7,2,ur211957738,2025-12-27
5,7,2,ur211955437,2025-12-27
5,7,2,ur87717491,2025-12-27
5,7,2,ur144217759,2025-12-27
5,7,2,ur211955350,2025-12-27
5,7,2,ur211955709,2025-12-27
5,7,2,ur211951596,2025-12-27
5,7,2,ur198314977,2025-12-27
5,7,2,ur30763256,2025-12-27
5,7,2,ur211949487,2025-12-27
5,7,2,ur77658886,2025-12-27
5,7,2,ur211948503,2025-12-27
5,7,2,ur211949328,2025-12-27
5,7,2,ur211948153,2025-12-27
5,7,2,ur211945964,2025-12-27
5,7,2,ur211489500,2025-12-26
5,7,2,ur4204974,2025-12-26
5,7,2,ur211940487,2025-12-26
5,7,2,ur42021384,2025-12-26
5,7,2,ur172824263,2025-12-26
5,7,2,ur60195330,2025-12-26
5,7,2,ur185020153,2025-12-26
5,7,2,ur86324511,2025-12-26
5,7,2,ur188742655,2025-12-26
5,7,2,ur180375847,2025-12-26
5,7,2,ur59903101,2025-12-26
5,7,2,ur72431104,2025-12-26
5,7,2,ur64567077,2025-12-26
5,7,2,ur211391286,2025-12-26
5,7,2,ur211922203,2025-12-26
5,7,3,ur212186276,2026-01-04
5,7,3,ur103930446,2026-01-01
5,7,3,ur212095745,2025-12-31
5,7,3,ur153577377,2025-12-31
5,7,3,ur212075218,2025-12-30
5,7,3,ur126609153,2025-12-30
5,7,3,ur43560569,2025-12-30
5,7,3,ur73183189,2025-12-30
5,7,3,ur211977260,2025-12-30
5,7,3,ur209392356,2025-12-30
5,7,3,ur148110344,2025-12-30
5,7,3,ur212059375,2025-12-30
5,7,3,ur11669866,2025-12-30
5,7,3,ur154995443,2025-12-30
5,7,3,ur89806056,2025-12-30
5,7,3,ur212051163,2025-12-30
5,7,3,ur212050815,2025-12-30
5,7,3,ur130701670,2025-12-29
5,7,3,ur210560438,2025-12-29
5,7,3,ur24009508,2025-12-29
5,7,3,ur212032276,2025-12-29
5,7,3,ur212002705,2025-12-29
5,7,3,ur111835630,2025-12-29
5,7,3,ur167034211,2025-12-29
5,7,3,ur71799959,2025-12-29
5,7,3,ur212022999,2025-12-29
5,7,3,ur212023614,2025-12-29
5,7,3,ur187051645,2025-12-29
5,7,3,ur79451929,2025-12-29
5,7,3,ur101825902,2025-12-29
5,7,3,ur72275690,2025-12-29
5,7,3,ur99631964,2025-12-29
5,7,3,ur212013437,2025-12-29
5,7,3,ur212011431,2025-12-29
5,7,3,ur50538974,2025-12-29
5,7,3,ur66471411,2025-12-29
5,7,3,ur83823011,2025-12-28
5,7,3,ur163549793,2025-12-28
5,7,3,ur212008222,2025-12-28
5,7,3,ur212004393,2025-12-28
5,7,3,ur120020084,2025-12-28
5,7,3,ur92722567,2025-12-28
5,7,3,ur211995587,2025-12-28
5,7,3,ur211994457,2025-12-28
5,7,3,ur211405425,2025-12-28
5,7,3,ur61962995,2025-12-28
5,7,3,ur211992202,2025-12-28
5,7,3,ur211989760,2025-12-28
5,7,3,ur174767414,2025-12-28
5,7,3,ur211989721,2025-12-28
5,7,3,ur21274405,2025-12-28
5,7,3,ur211985766,2025-12-28
5,7,3,ur211986427,2025-12-28
5,7,3,ur171138291,2025-12-28
5,7,3,ur211983074,2025-12-28
5,7,3,ur211981536,2025-12-28
5,7,3,ur127282688,2025-12-28
5,7,3,ur172911008,2025-12-28
5,7,3,ur63884359,2025-12-28
5,7,3,ur152475078,2025-12-28
5,7,3,ur211978754,2025-12-28
5,7,3,ur154536712,2025-12-28
5,7,3,ur157403515,2025-12-28
5,7,3,ur20850855,2025-12-28
5,7,3,ur211976698,2025-12-28
5,7,3,ur118113884,2025-12-28
5,7,3,ur211974006,2025-12-28
5,7,3,ur167675355,2025-12-27
5,7,3,ur27245308,2025-12-27
5,7,3,ur198203174,2025-12-27
5,7,3,ur39449266,2025-12-27
5,7,3,ur211965769,2025-12-27
5,7,3,ur128352134,2025-12-27
5,7,3,ur131251521,2025-12-27
5,7,3,ur198792181,2025-12-27
5,7,3,ur204568687,2025-12-27
5,7,3,ur162267899,2025-12-27
5,7,3,ur211954228,2025-12-27
5,7,3,ur211953740,2025-12-27
5,7,3,ur193638069,2025-12-27
5,7,3,ur8837090,2025-12-27
5,7,3,ur152059792,2025-12-27
5,7,3,ur211949984,2025-12-27
5,7,3,ur211948914,2025-12-27
5,7,3,ur211947426,2025-12-27
5,7,3,ur211944447,2025-12-27
5,7,3,ur57919252,2025-12-27
5,7,3,ur120349271,2025-12-26
5,7,3,ur211942954,2025-12-26
5,7,3,ur126547512,2025-12-26
5,7,3,ur211934109,2025-12-26
5,7,3,ur211936744,2025-12-26
5,7,3,ur198628695,2025-12-26
5,7,3,ur211935744,2025-12-26
5,7,3,ur193696554,2025-12-26
5,7,3,ur144432881,2025-12-26
5,7,3,ur133602113,2025-12-26
5,7,3,ur211883693,2025-12-26
5,7,3,ur24716853,2025-12-26
5,7,4,ur211430183,2026-01-04
5,7,4,ur14896732,2026-01-02
5,7,4,ur212126007,2026-01-01
5,7,4,ur175559590,2026-01-01
5,7,4,ur66048561,2026-01-01
5,7,4,ur159992538,2025-12-31
5,7,4,ur152522687,2025-12-31
5,7,4,ur175243701,2025-12-31
5,7,4,ur108128708,2025-12-31
5,7,4,ur102777576,2025-12-31
5,7,4,ur130827086,2025-12-30
5,7,4,ur28761480,2025-12-30
5,7,4,ur212071010,2025-12-30
5,7,4,ur112832804,2025-12-30
5,7,4,ur212059174,2025-12-30
5,7,4,ur212004802,2025-12-30
5,7,4,ur86096816,2025-12-29
5,7,4,ur120573611,2025-12-29
5,7,4,ur191966945,2025-12-29
5,7,4,ur120824358,2025-12-29
5,7,4,ur127794661,2025-12-29
5,7,4,ur51760209,2025-12-29
5,7,4,ur132436157,2025-12-29
5,7,4,ur212026173,2025-12-29
5,7,4,ur148511100,2025-12-29
5,7,4,ur175437004,2025-12-29
5,7,4,ur173173009,2025-12-29
5,7,4,ur126531333,2025-12-29
5,7,4,ur66259887,2025-12-29
5,7,4,ur209979114,2025-12-29
5,7,4,ur130327390,2025-12-29
5,7,4,ur212017367,2025-12-29
5,7,4,ur140365722,2025-12-29
5,7,4,ur14617362,2025-12-29
5,7,4,ur127281409,2025-12-29
5,7,4,ur30227617,2025-12-29
5,7,4,ur197531376,2025-12-28
5,7,4,ur130860021,2025-12-28
5,7,4,ur201455481,2025-12-28
5,7,4,ur211993747,2025-12-28
5,7,4,ur211993117,2025-12-28
5,7,4,ur107258183,2025-12-28
5,7,4,ur211988967,2025-12-28
5,7,4,ur211991432,2025-12-28
5,7,4,ur130050308,2025-12-28
5,7,4,ur211986604,2025-12-28
5,7,4,ur211987035,2025-12-28
5,7,4,ur156189252,2025-12-28
5,7,4,ur206527328,2025-12-28
5,7,4,ur210670019,2025-12-28
5,7,4,ur198175238,2025-12-28
5,7,4,ur211980534,2025-12-28
5,7,4,ur200410090,2025-12-28
5,7,4,ur211978125,2025-12-28
5,7,4,ur29367171,2025-12-28
5,7,4,ur211974817,2025-12-28
5,7,4,ur211937941,2025-12-28
5,7,4,ur67284553,2025-12-27
5,7,4,ur198295419,2025-12-27
5,7,4,ur211386540,2025-12-27
5,7,4,ur211965205,2025-12-27
5,7,4,ur198367271,2025-12-27
5,7,4,ur117693316,2025-12-27
5,7,4,ur157189199,2025-12-27
5,7,4,ur119693383,2025-12-27
5,7,4,ur72868220,2025-12-27
5,7,4,ur168630448,2025-12-27
5,7,4,ur51592846,2025-12-27
5,7,4,ur28893483,2025-12-27
5,7,4,ur211955368,2025-12-27
5,7,4,ur211952365,2025-12-27
5,7,4,ur144006688,2025-12-27
5,7,4,ur156047696,2025-12-27
5,7,4,ur76802042,2025-12-27
5,7,4,ur211947572,2025-12-27
5,7,4,ur61431008,2025-12-27
5,7,4,ur96349840,2025-12-26
5,7,4,ur27321469,2025-12-26
5,7,4,ur211386540,2025-12-26
5,7,4,ur117499013,2025-12-26
5,7,4,ur65606836,2025-12-26
5,7,4,ur208855220,2025-12-26
5,7,4,ur50101615,2025-12-26
5,7,4,ur171024302,2025-12-26
5,7,4,ur110206182,2025-12-26
5,7,4,ur67937755,2025-12-26
5,7,4,ur25621847,2025-12-26
5,7,5,ur5900269,2026-01-03
5,7,5,ur62746524,2026-01-03
5,7,5,ur168948768,2026-01-01
5,7,5,ur212090712,2025-12-31
5,7,5,ur146057786,2025-12-31
5,7,5,ur124022820,2025-12-31
5,7,5,ur212071431,2025-12-30
5,7,5,ur176922362,2025-12-30
5,7,5,ur4580968,2025-12-30
5,7,5,ur212061065,2025-12-30
5,7,5,ur211996091,2025-12-30
5,7,5,ur118271949,2025-12-30
5,7,5,ur210694522,2025-12-30
5,7,5,ur197757167,2025-12-30
5,7,5,ur38485320,2025-12-30
5,7,5,ur27517914,2025-12-30
5,7,5,ur194967046,2025-12-30
5,7,5,ur78349342,2025-12-30
5,7,5,ur211998846,2025-12-29
5,7,5,ur211972332,2025-12-29
5,7,5,ur212032849,2025-12-29
5,7,5,ur129308670,2025-12-29
5,7,5,ur125037109,2025-12-29
5,7,5,ur125037109,2025-12-29
5,7,5,ur67861622,2025-12-29
5,7,5,ur212021925,2025-12-29
5,7,5,ur157719626,2025-12-29
5,7,5,ur211978007,2025-12-29
5,7,5,ur195955652,2025-12-28
5,7,5,ur69509372,2025-12-28
5,7,5,ur152610803,2025-12-28
5,7,5,ur211935863,2025-12-28
5,7,5,ur212006190,2025-12-28
5,7,5,ur172260691,2025-12-28
5,7,5,ur163933004,2025-12-28
5,7,5,ur212003389,2025-12-28
5,7,5,ur32762318,2025-12-28
5,7,5,ur205455343,2025-12-28
5,7,5,ur93604913,2025-12-28
5,7,5,ur211999053,2025-12-28
5,7,5,ur211982310,2025-12-28
5,7,5,ur211998039,2025-12-28
5,7,5,ur108772878,2025-12-28
5,7,5,ur211994618,2025-12-28
5,7,5,ur211992622,2025-12-28
5,7,5,ur3155206,2025-12-28
5,7,5,ur51849950,2025-12-28
5,7,5,ur211987051,2025-12-28
5,7,5,ur211984816,2025-12-28
5,7,5,ur211983228,2025-12-28
5,7,5,ur191016929,2025-12-28
5,7,5,ur170616413,2025-12-28
5,7,5,ur161915345,2025-12-28
5,7,5,ur211976898,2025-12-28
5,7,5,ur211973085,2025-12-28
5,7,5,ur3321190,2025-12-28
5,7,5,ur81115246,2025-12-27
5,7,5,ur183813928,2025-12-27
5,7,5,ur184396173,2025-12-27
5,7,5,ur197006078,2025-12-27
5,7,5,ur89451867,2025-12-27
5,7,5,ur79525786,2025-12-27
5,7,5,ur157440180,2025-12-27
5,7,5,ur66370391,2025-12-27
5,7,5,ur155926392,2025-12-27
5,7,5,ur204741396,2025-12-27
5,7,5,ur211755103,2025-12-27
5,7,5,ur78904284,2025-12-27
5,7,5,ur211598856,2025-12-27
5,7,5,ur155643091,2025-12-27
5,7,5,ur35999815,2025-12-27
5,7,5,ur211946561,2025-12-27
5,7,5,ur61443258,2025-12-27
5,7,5,ur162513749,2025-12-27
5,7,5,ur195634085,2025-12-27
5,7,5,ur173174603,2025-12-27
5,7,5,ur78137932,2025-12-27
5,7,5,ur207178925,2025-12-27
5,7,5,ur158902186,2025-12-27
5,7,5,ur211947301,2025-12-27
5,7,5,ur211945243,2025-12-26
5,7,5,ur167340514,2025-12-26
5,7,5,ur211941663,2025-12-26
5,7,5,ur48805435,2025-12-26
5,7,5,ur60243255,2025-12-26
5,7,5,ur211937411,2025-12-26
5,7,5,ur211941269,2025-12-26
5,7,5,ur130478979,2025-12-26
5,7,5,ur176712519,2025-12-26
5,7,5,ur130973867,2025-12-26
5,7,5,ur211936325,2025-12-26
5,7,5,ur177666326,2025-12-26
5,7,5,ur137603656,2025-12-26
5,7,5,ur211935290,2025-12-26
5,7,5,ur45507551,2025-12-26
5,7,5,ur135235864,2025-12-26
5,7,5,ur157562360,2025-12-26
5,7,5,ur211931436,2025-12-26
5,7,5,ur131996895,2025-12-26
5,7,5,ur192067335,2025-12-26
5,7,5,ur204450794,2025-12-26
5,7,5,ur39336421,2025-12-26
5,7,5,ur208196044,2025-12-26
5,7,5,ur211925764,2025-12-26
5,7,5,ur63483154,2025-12-26
5,7,5,ur190226168,2025-12-26
5,7,5,ur211924699,2025-12-26
5,7,6,ur212135960,2026-01-03
5,7,6,ur212129311,2026-01-01
5,7,6,ur147560542,2025-12-31
5,7,6,ur183508879,2025-12-31
5,7,6,ur212081350,2025-12-31
5,7,6,ur212080538,2025-12-31
5,7,6,ur51094543,2025-12-31
5,7,6,ur70479081,2025-12-30
5,7,6,ur116645479,2025-12-30
5,7,6,ur158703692,2025-12-29
5,7,6,ur212043447,2025-12-29
5,7,6,ur201470300,2025-12-29
5,7,6,ur212044273,2025-12-29
5,7,6,ur212043340,2025-12-29
5,7,6,ur157464428,2025-12-29
5,7,6,ur82584898,2025-12-29
5,7,6,ur211994692,2025-12-29
5,7,6,ur209528261,2025-12-29
5,7,6,ur212031664,2025-12-29
5,7,6,ur212024629,2025-12-29
5,7,6,ur151207401,2025-12-29
5,7,6,ur211945730,2025-12-29
5,7,6,ur161239838,2025-12-29
5,7,6,ur211427790,2025-12-29
5,7,6,ur105789450,2025-12-29
5,7,6,ur191325132,2025-12-29
5,7,6,ur212004733,2025-12-28
5,7,6,ur212003953,2025-12-28
5,7,6,ur206371296,2025-12-28
5,7,6,ur207709123,2025-12-28
5,7,6,ur192392549,2025-12-28
5,7,6,ur211999211,2025-12-28
5,7,6,ur211998220,2025-12-28
5,7,6,ur0278527,2025-12-28
5,7,6,ur199023143,2025-12-28
5,7,6,ur211995552,2025-12-28
5,7,6,ur126495065,2025-12-28
5,7,6,ur211412811,2025-12-28
5,7,6,ur211994708,2025-12-28
5,7,6,ur199559563,2025-12-28
5,7,6,ur142954814,2025-12-28
5,7,6,ur158985849,2025-12-28
5,7,6,ur147361169,2025-12-28
5,7,6,ur101242354,2025-12-28
5,7,6,ur32842171,2025-12-28
5,7,6,ur203413010,2025-12-28
5,7,6,ur211979645,2025-12-28
5,7,6,ur83644852,2025-12-28
5,7,6,ur211942707,2025-12-28
5,7,6,ur204683203,2025-12-28
5,7,6,ur52419315,2025-12-28
5,7,6,ur211970484,2025-12-27
5,7,6,ur207660259,2025-12-27
5,7,6,ur126803653,2025-12-27
5,7,6,ur211933760,2025-12-27
5,7,6,ur211971310,2025-12-27
5,7,6,ur178233190,2025-12-27
5,7,6,ur135445800,2025-12-27
5,7,6,ur211967327,2025-12-27
5,7,6,ur211933957,2025-12-27
5,7,6,ur53339151,2025-12-27
5,7,6,ur211965690,2025-12-27
5,7,6,ur30713384,2025-12-27
5,7,6,ur211958891,2025-12-27
5,7,6,ur197811647,2025-12-27
5,7,6,ur149602993,2025-12-27
5,7,6,ur147633322,2025-12-27
5,7,6,ur211950722,2025-12-27
5,7,6,ur178833544,2025-12-27
5,7,6,ur211948986,2025-12-27
5,7,6,ur199117269,2025-12-27
5,7,6,ur197506604,2025-12-26
5,7,6,ur177995371,2025-12-26
5,7,6,ur211944460,2025-12-26
5,7,6,ur163575764,2025-12-26
5,7,6,ur211939661,2025-12-26
5,7,6,ur173582047,2025-12-26
5,7,6,ur147361169,2025-12-26
5,7,6,ur147693752,2025-12-26
5,7,6,ur211934332,2025-12-26
5,7,6,ur173244222,2025-12-26
5,7,6,ur211933957,2025-12-26
5,7,6,ur152212055,2025-12-26
5,7,6,ur201614836,2025-12-26
5,7,6,ur124449812,2025-12-26
5,7,6,ur211933132,2025-12-26
5,7,6,ur119062668,2025-12-26
5,7,6,ur30774546,2025-12-26
5,7,6,ur101175594,2025-12-26
5,7,6,ur134901928,2025-12-26
5,7,6,ur83316413,2025-12-26
5,7,6,ur126218358,2025-12-26
5,7,6,ur147329154,2025-12-26
5,7,6,ur118509515,2025-12-26
5,7,6,ur193796697,2025-12-26
5,7,6,ur211924890,2025-12-26
5,7,6,ur211923937,2025-12-26
5,7,6,ur171217864,2025-12-26
5,7,7,ur54646067,2026-01-03
5,7,7,ur210708174,2026-01-02
5,7,7,ur185077739,2026-01-02
5,7,7,ur134813274,2026-01-02
5,7,7,ur3134044,2026-01-02
5,7,7,ur212145590,2026-01-02
5,7,7,ur68488959,2026-01-02
5,7,7,ur107991926,2026-01-01
5,7,7,ur212105197,2026-01-01
5,7,7,ur170223110,2026-01-01
5,7,7,ur212093847,2025-12-31
5,7,7,ur212092682,2025-12-31
5,7,7,ur68468051,2025-12-31
5,7,7,ur211712109,2025-12-31
5,7,7,ur120807098,2025-12-30
5,7,7,ur205433633,2025-12-30
5,7,7,ur199075869,2025-12-30
5,7,7,ur212065878,2025-12-30
5,7,7,ur128003661,2025-12-30
5,7,7,ur201887818,2025-12-30
5,7,7,ur200725080,2025-12-30
5,7,7,ur14729628,2025-12-30
5,7,7,ur192101346,2025-12-29
5,7,7,ur212049729,2025-12-29
5,7,7,ur212047101,2025-12-29
5,7,7,ur212043380,2025-12-29
5,7,7,ur212042479,2025-12-29
5,7,7,ur212004629,2025-12-29
5,7,7,ur212039555,2025-12-29
5,7,7,ur103171523,2025-12-29
5,7,7,ur191318396,2025-12-29
5,7,7,ur212035493,2025-12-29
5,7,7,ur88279266,2025-12-29
5,7,7,ur211591914,2025-12-29
5,7,7,ur211956364,2025-12-29
5,7,7,ur199324285,2025-12-29
5,7,7,ur212021368,2025-12-29
5,7,7,ur212021833,2025-12-29
5,7,7,ur1531374,2025-12-29
5,7,7,ur195690364,2025-12-29
5,7,7,ur180325902,2025-12-29
5,7,7,ur212016947,2025-12-29
5,7,7,ur212017447,2025-12-29
5,7,7,ur69880758,2025-12-29
5,7,7,ur212016928,2025-12-29
5,7,7,ur212014163,2025-12-29
5,7,7,ur212014238,2025-12-29
5,7,7,ur55517503,2025-12-29
5,7,7,ur196122480,2025-12-29
5,7,7,ur130499925,2025-12-28
5,7,7,ur207782455,2025-12-28
5,7,7,ur46680778,2025-12-28
5,7,7,ur209790333,2025-12-28
5,7,7,ur35145494,2025-12-28
5,7,7,ur11877634,2025-12-28
5,7,7,ur212007878,2025-12-28
5,7,7,ur172008480,2025-12-28
5,7,7,ur212005947,2025-12-28
5,7,7,ur150270110,2025-12-28
5,7,7,ur212004736,2025-12-28
5,7,7,ur189860030,2025-12-28
5,7,7,ur27799370,2025-12-28
5,7,7,ur212000297,2025-12-28
5,7,7,ur135204575,2025-12-28
5,7,7,ur156702749,2025-12-28
5,7,7,ur114464747,2025-12-28
5,7,7,ur5291309,2025-12-28
5,7,7,ur211999889,2025-12-28
5,7,7,ur104923834,2025-12-28
5,7,7,ur211994589,2025-12-28
5,7,7,ur211989419,2025-12-28
5,7,7,ur173777342,2025-12-28
5,7,7,ur211550476,2025-12-28
5,7,7,ur211994054,2025-12-28
5,7,7,ur211992313,2025-12-28
5,7,7,ur119171476,2025-12-28
5,7,7,ur203287882,2025-12-28
5,7,7,ur211992286,2025-12-28
5,7,7,ur190242735,2025-12-28
5,7,7,ur206672020,2025-12-28
5,7,7,ur198887986,2025-12-28
5,7,7,ur116286628,2025-12-28
5,7,7,ur211403667,2025-12-28
5,7,7,ur211980303,2025-12-28
5,7,7,ur185873357,2025-12-28
5,7,7,ur180505366,2025-12-28
5,7,7,ur211979133,2025-12-28
5,7,7,ur211977672,2025-12-28
5,7,7,ur207689138,2025-12-28
5,7,7,ur176975159,2025-12-28
5,7,7,ur211973915,2025-12-28
5,7,7,ur194406021,2025-12-27
5,7,7,ur134769336,2025-12-27
5,7,7,ur211969067,2025-12-27
5,7,7,ur207531843,2025-12-27
5,7,7,ur210653209,2025-12-27
5,7,7,ur211966525,2025-12-27
5,7,7,ur211966324,2025-12-27
5,7,7,ur204274072,2025-12-27
5,7,7,ur211963520,2025-12-27
5,7,7,ur185177844,2025-12-27
5,7,7,ur64407357,2025-12-27
5,7,7,ur91796714,2025-12-27
5,7,7,ur211959905,2025-12-27
5,7,7,ur183461107,2025-12-27
5,7,7,ur190018726,2025-12-27
5,7,7,ur123625503,2025-12-27
5,7,7,ur132842231,2025-12-27
5,7,7,ur88767173,2025-12-27
5,7,7,ur120229245,2025-12-27
5,7,7,ur211950901,2025-12-27
5,7,7,ur211949779,2025-12-27
5,7,7,ur200065510,2025-12-27
5,7,7,ur211947387,2025-12-27
5,7,7,ur208339449,2025-12-27
5,7,7,ur64346381,2025-12-27
5,7,7,ur210708037,2025-12-27
5,7,7,ur211945053,2025-12-27
5,7,7,ur211550476,2025-12-26
5,7,7,ur169282771,2025-12-26
5,7,7,ur186423937,2025-12-26
5,7,7,ur163051294,2025-12-26
5,7,7,ur211937900,2025-12-26
5,7,7,ur164766447,2025-12-26
5,7,7,ur190495390,2025-12-26
5,7,7,ur169284477,2025-12-26
5,7,7,ur200306634,2025-12-26
5,7,7,ur197811093,2025-12-26
5,7,7,ur175898859,2025-12-26
5,7,7,ur211628848,2025-12-26
5,7,7,ur211374921,2025-12-26
5,7,7,ur148535862,2025-12-26
5,7,7,ur201725213,2025-12-25
5,7,8,ur212185451,2026-01-04
5,7,8,ur139164837,2026-01-03
5,7,8,ur212171664,2026-01-03
5,7,8,ur166253998,2026-01-02
5,7,8,ur169726445,2026-01-02
5,7,8,ur154595589,2026-01-02
5,7,8,ur212146172,2026-01-02
5,7,8,ur154803361,2026-01-01
5,7,8,ur176297431,2026-01-01
5,7,8,ur212129523,2026-01-01
5,7,8,ur129155221,2026-01-01
5,7,8,ur185844648,2026-01-01
5,7,8,ur1766464,2026-01-01
5,7,8,ur212109162,2026-01-01
5,7,8,ur103699844,2026-01-01
5,7,8,ur5102928,2026-01-01
5,7,8,ur190081714,2025-12-31
5,7,8,ur59989484,2025-12-31
5,7,8,ur172478392,2025-12-31
5,7,8,ur212081502,2025-12-31
5,7,8,ur212080876,2025-12-31
5,7,8,ur212081742,2025-12-31
5,7,8,ur75379425,2025-12-31
5,7,8,ur211844137,2025-12-31
5,7,8,ur161872156,2025-12-31
5,7,8,ur192053581,2025-12-30
5,7,8,ur212076920,2025-12-30
5,7,8,ur153391763,2025-12-30
5,7,8,ur212074192,2025-12-30
5,7,8,ur62699112,2025-12-30
5,7,8,ur212073320,2025-12-30
5,7,8,ur212072834,2025-12-30
5,7,8,ur207772190,2025-12-30
5,7,8,ur47439821,2025-12-30
5,7,8,ur212066601,2025-12-30
5,7,8,ur154101702,2025-12-30
5,7,8,ur127713256,2025-12-30
5,7,8,ur121021721,2025-12-30
5,7,8,ur176626592,2025-12-30
5,7,8,ur181649959,2025-12-30
5,7,8,ur212059213,2025-12-30
5,7,8,ur16939137,2025-12-30
5,7,8,ur196550512,2025-12-30
5,7,8,ur211427981,2025-12-30
5,7,8,ur126572197,2025-12-30
5,7,8,ur212051897,2025-12-30
5,7,8,ur211459318,2025-12-30
5,7,8,ur61566171,2025-12-30
5,7,8,ur191709982,2025-12-29
5,7,8,ur211978097,2025-12-29
5,7,8,ur100485751,2025-12-29
5,7,8,ur188607514,2025-12-29
5,7,8,ur165875221,2025-12-29
5,7,8,ur199475097,2025-12-29
5,7,8,ur211942411,2025-12-29
5,7,8,ur189556302,2025-12-29
5,7,8,ur194101240,2025-12-29
5,7,8,ur212044131,2025-12-29
5,7,8,ur212039564,2025-12-29
5,7,8,ur126480263,2025-12-29
5,7,8,ur212040061,2025-12-29
5,7,8,ur207174147,2025-12-29
5,7,8,ur29388496,2025-12-29
5,7,8,ur41885409,2025-12-29
5,7,8,ur212034119,2025-12-29
5,7,8,ur193926198,2025-12-29
5,7,8,ur111086750,2025-12-29
5,7,8,ur96710729,2025-12-29
5,7,8,ur212030291,2025-12-29
5,7,8,ur211964137,2025-12-29
5,7,8,ur212029560,2025-12-29
5,7,8,ur171856544,2025-12-29
5,7,8,ur205027010,2025-12-29
5,7,8,ur212026223,2025-12-29
5,7,8,ur212024989,2025-12-29
5,7,8,ur178930473,2025-12-29
5,7,8,ur207771817,2025-12-29
5,7,8,ur84044305,2025-12-29
5,7,8,ur73368611,2025-12-29
5,7,8,ur84941839,2025-12-29
5,7,8,ur212016179,2025-12-29
5,7,8,ur187265917,2025-12-29
5,7,8,ur186189257,2025-12-29
5,7,8,ur97196250,2025-12-29
5,7,8,ur162623730,2025-12-29
5,7,8,ur212012712,2025-12-29
5,7,8,ur212012650,2025-12-29
5,7,8,ur85062233,2025-12-29
5,7,8,ur87051725,2025-12-29
5,7,8,ur212010694,2025-12-29
5,7,8,ur70486465,2025-12-28
5,7,8,ur179179886,2025-12-28
5,7,8,ur17888387,2025-12-28
5,7,8,ur190356073,2025-12-28
5,7,8,ur211931525,2025-12-28
5,7,8,ur212007640,2025-12-28
5,7,8,ur212004914,2025-12-28
5,7,8,ur171286506,2025-12-28
5,7,8,ur212001045,2025-12-28
5,7,8,ur212003196,2025-12-28
5,7,8,ur201301516,2025-12-28
5,7,8,ur105758114,2025-12-28
5,7,8,ur43020099,2025-12-28
5,7,8,ur191953117,2025-12-28
5,7,8,ur212000459,2025-12-28
5,7,8,ur211417148,2025-12-28
5,7,8,ur190877691,2025-12-28
5,7,8,ur211421412,2025-12-28
5,7,8,ur151458589,2025-12-28
5,7,8,ur211988972,2025-12-28
5,7,8,ur187619573,2025-12-28
5,7,8,ur114693683,2025-12-28
5,7,8,ur130531835,2025-12-28
5,7,8,ur172898181,2025-12-28
5,7,8,ur211973717,2025-12-28
5,7,8,ur211989911,2025-12-28
5,7,8,ur35027761,2025-12-28
5,7,8,ur211986662,2025-12-28
5,7,8,ur91345178,2025-12-28
5,7,8,ur211985933,2025-12-28
5,7,8,ur158294044,2025-12-28
5,7,8,ur211983946,2025-12-28
5,7,8,ur156708574,2025-12-28
5,7,8,ur111314754,2025-12-28
5,7,8,ur80911298,2025-12-28
5,7,8,ur199914243,2025-12-28
5,7,8,ur168005288,2025-12-28
5,7,8,ur24292397,2025-12-28
5,7,8,ur205775848,2025-12-28
5,7,8,ur183138759,2025-12-28
5,7,8,ur155934713,2025-12-28
5,7,8,ur43659083,2025-12-27
5,7,8,ur201698450,2025-12-27
5,7,8,ur195053067,2025-12-27
5,7,8,ur27453643,2025-12-27
5,7,8,ur131983721,2025-12-27
5,7,8,ur194157576,2025-12-27
5,7,8,ur211968958,2025-12-27
5,7,8,ur211966667,2025-12-27
5,7,8,ur211967401,2025-12-27
5,7,8,ur55413227,2025-12-27
5,7,8,ur52595292,2025-12-27
5,7,8,ur56553032,2025-12-27
5,7,8,ur23753208,2025-12-27
5,7,8,ur84759157,2025-12-27
5,7,8,ur188740441,2025-12-27
5,7,8,ur211960057,2025-12-27
5,7,8,ur5649652,2025-12-27
5,7,8,ur210120965,2025-12-27
5,7,8,ur211645784,2025-12-27
5,7,8,ur211955760,2025-12-27
5,7,8,ur150368388,2025-12-27
5,7,8,ur33177519,2025-12-27
5,7,8,ur136013835,2025-12-27
5,7,8,ur211949326,2025-12-27
5,7,8,ur209006001,2025-12-27
5,7,8,ur204583456,2025-12-27
5,7,8,ur211947273,2025-12-27
5,7,8,ur163394568,2025-12-27
5,7,8,ur211923017,2025-12-27
5,7,8,ur211945685,2025-12-27
5,7,8,ur158310976,2025-12-27
5,7,8,ur211932818,2025-12-26
5,7,8,ur94005246,2025-12-26
5,7,8,ur96210226,2025-12-26
5,7,8,ur185728871,2025-12-26
5,7,8,ur207681388,2025-12-26
5,7,8,ur197583194,2025-12-26
5,7,8,ur211938865,2025-12-26
5,7,8,ur196690033,2025-12-26
5,7,8,ur55532299,2025-12-26
5,7,8,ur79683341,2025-12-26
5,7,8,ur185610151,2025-12-26
5,7,8,ur126250115,2025-12-26
5,7,9,ur124926471,2026-01-02
5,7,9,ur66284992,2026-01-02
5,7,9,ur104233692,2026-01-02
5,7,9,ur125910705,2026-01-02
5,7,9,ur212109818,2026-01-01
5,7,9,ur210844918,2026-01-01
5,7,9,ur148754440,2026-01-01
5,7,9,ur212091881,2025-12-31
5,7,9,ur49582703,2025-12-31
5,7,9,ur11976245,2025-12-31
5,7,9,ur149119590,2025-12-31
5,7,9,ur212086026,2025-12-31
5,7,9,ur210902551,2025-12-31
5,7,9,ur6304545,2025-12-31
5,7,9,ur155406141,2025-12-30
5,7,9,ur212074557,2025-12-30
5,7,9,ur212076928,2025-12-30
5,7,9,ur194395849,2025-12-30
5,7,9,ur172898070,2025-12-30
5,7,9,ur80867541,2025-12-30
5,7,9,ur49942768,2025-12-30
5,7,9,ur193766111,2025-12-30
5,7,9,ur207102359,2025-12-30
5,7,9,ur212061247,2025-12-30
5,7,9,ur164425318,2025-12-30
5,7,9,ur86103107,2025-12-30
5,7,9,ur212056167,2025-12-30
5,7,9,ur153117059,2025-12-30
5,7,9,ur212055454,2025-12-30
5,7,9,ur204546566,2025-12-30
5,7,9,ur149167732,2025-12-30
5,7,9,ur174489379,2025-12-30
5,7,9,ur166901842,2025-12-30
5,7,9,ur204293474,2025-12-30
5,7,9,ur212051127,2025-12-30
5,7,9,ur208818336,2025-12-30
5,7,9,ur212033699,2025-12-30
5,7,9,ur127342811,2025-12-29
5,7,9,ur212048810,2025-12-29
5,7,9,ur156894437,2025-12-29
5,7,9,ur101979145,2025-12-29
5,7,9,ur180299052,2025-12-29
5,7,9,ur158391458,2025-12-29
5,7,9,ur212042467,2025-12-29
5,7,9,ur212042429,2025-12-29
5,7,9,ur212041212,2025-12-29
5,7,9,ur212039261,2025-12-29
5,7,9,ur50540828,2025-12-29
5,7,9,ur211616509,2025-12-29
5,7,9,ur175177289,2025-12-29
5,7,9,ur42797911,2025-12-29
5,7,9,ur94315369,2025-12-29
5,7,9,ur212032061,2025-12-29
5,7,9,ur69334687,2025-12-29
5,7,9,ur212031283,2025-12-29
5,7,9,ur210058569,2025-12-29
5,7,9,ur212031969,2025-12-29
5,7,9,ur5593633,2025-12-29
5,7,9,ur85125241,2025-12-29
5,7,9,ur212028900,2025-12-29
5,7,9,ur111687468,2025-12-29
5,7,9,ur212024731,2025-12-29
5,7,9,ur212021837,2025-12-29
5,7,9,ur129778460,2025-12-29
5,7,9,ur212018498,2025-12-29
5,7,9,ur65330016,2025-12-29
5,7,9,ur212015161,2025-12-29
5,7,9,ur133300250,2025-12-29
5,7,9,ur185597683,2025-12-29
5,7,9,ur152081525,2025-12-29
5,7,9,ur212011828,2025-12-28
5,7,9,ur207689151,2025-12-28
5,7,9,ur188269430,2025-12-28
5,7,9,ur201242506,2025-12-28
5,7,9,ur191480984,2025-12-28
5,7,9,ur86732029,2025-12-28
5,7,9,ur212008094,2025-12-28
5,7,9,ur212006971,2025-12-28
5,7,9,ur194090683,2025-12-28
5,7,9,ur212004479,2025-12-28
5,7,9,ur212004098,2025-12-28
5,7,9,ur55582546,2025-12-28
5,7,9,ur59925179,2025-12-28
5,7,9,ur212000642,2025-12-28
5,7,9,ur193825902,2025-12-28
5,7,9,ur161977278,2025-12-28
5,7,9,ur189210724,2025-12-28
5,7,9,ur211997036,2025-12-28
5,7,9,ur211996831,2025-12-28
5,7,9,ur201525661,2025-12-28
5,7,9,ur168943359,2025-12-28
5,7,9,ur115625691,2025-12-28
5,7,9,ur211994361,2025-12-28
5,7,9,ur211990383,2025-12-28
5,7,9,ur178224055,2025-12-28
5,7,9,ur155666484,2025-12-28
5,7,9,ur211985527,2025-12-28
5,7,9,ur211986639,2025-12-28
5,7,9,ur211960137,2025-12-28
5,7,9,ur211981986,2025-12-28
5,7,9,ur189843420,2025-12-28
5,7,9,ur174256012,2025-12-28
5,7,9,ur158732391,2025-12-28
5,7,9,ur197057245,2025-12-28
5,7,9,ur64367989,2025-12-28
5,7,9,ur71127982,2025-12-28
5,7,9,ur211950576,2025-12-27
5,7,9,ur211972631,2025-12-27
5,7,9,ur169367492,2025-12-27
5,7,9,ur147286224,2025-12-27
5,7,9,ur211972158,2025-12-27
5,7,9,ur211969739,2025-12-27
5,7,9,ur132211629,2025-12-27
5,7,9,ur123534602,2025-12-27
5,7,9,ur201961337,2025-12-27
5,7,9,ur211964079,2025-12-27
5,7,9,ur211962913,2025-12-27
5,7,9,ur211963359,2025-12-27
5,7,9,ur211935533,2025-12-27
5,7,9,ur185454070,2025-12-27
5,7,9,ur211717025,2025-12-27
5,7,9,ur204558158,2025-12-27
5,7,9,ur211953836,2025-12-27
5,7,9,ur111522430,2025-12-27
5,7,9,ur75859319,2025-12-27
5,7,9,ur182205723,2025-12-27
5,7,9,ur150135319,2025-12-27
5,7,9,ur198931748,2025-12-27
5,7,9,ur113074382,2025-12-27
5,7,9,ur131278951,2025-12-27
5,7,9,ur211949630,2025-12-27
5,7,9,ur211933918,2025-12-27
5,7,9,ur211800509,2025-12-27
5,7,9,ur191377422,2025-12-27
5,7,9,ur200682916,2025-12-27
5,7,9,ur171393150,2025-12-27
5,7,9,ur211942666,2025-12-26
5,7,9,ur207146731,2025-12-26
5,7,9,ur188733139,2025-12-26
5,7,9,ur99794120,2025-12-26
5,7,9,ur112457205,2025-12-26
5,7,9,ur176925570,2025-12-26
5,7,9,ur209230288,2025-12-26
5,7,9,ur195142341,2025-12-26
5,7,9,ur148144652,2025-12-26
5,7,9,ur73707532,2025-12-26
5,7,9,ur171776088,2025-12-26
5,7,10,ur123243243,2026-01-03
5,7,10,ur148010145,2026-01-03
5,7,10,ur164570151,2026-01-02
5,7,10,ur129900439,2026-01-02
5,7,10,ur13102811,2026-01-02
5,7,10,ur85242416,2026-01-02
5,7,10,ur212101717,2026-01-02
5,7,10,ur6973202,2026-01-02
5,7,10,ur5465485,2026-01-02
5,7,10,ur212150473,2026-01-02
5,7,10,ur35162034,2026-01-02
5,7,10,ur32876900,2026-01-02
5,7,10,ur125698068,2026-01-02
5,7,10,ur210216035,2026-01-02
5,7,10,ur57382972,2026-01-02
5,7,10,ur212135966,2026-01-02
5,7,10,ur23635950,2026-01-02
5,7,10,ur183308232,2026-01-02
5,7,10,ur212136078,2026-01-02
5,7,10,ur212135196,2026-01-02
5,7,10,ur212073461,2026-01-02
5,7,10,ur134577157,2026-01-02
5,7,10,ur212132373,2026-01-01
5,7,10,ur212130145,2026-01-01
5,7,10,ur102791097,2026-01-01
5,7,10,ur212128899,2026-01-01
5,7,10,ur135079184,2026-01-01
5,7,10,ur212112021,2026-01-01
5,7,10,ur212064781,2026-01-01
5,7,10,ur6125637,2026-01-01
5,7,10,ur211986771,2026-01-01
5,7,10,ur212118924,2026-01-01
5,7,10,ur212024480,2026-01-01
5,7,10,ur199779237,2026-01-01
5,7,10,ur211465962,2026-01-01
5,7,10,ur172308265,2026-01-01
5,7,10,ur68675936,2026-01-01
5,7,10,ur212109633,2026-01-01
5,7,10,ur212102447,2026-01-01
5,7,10,ur169950837,2026-01-01
5,7,10,ur196087633,2026-01-01
5,7,10,ur212107400,2026-01-01
5,7,10,ur211672623,2026-01-01
5,7,10,ur212105689,2026-01-01
5,7,10,ur212104049,2026-01-01
5,7,10,ur63735435,2026-01-01
5,7,10,ur209761056,2026-01-01
5,7,10,ur68566796,2026-01-01
5,7,10,ur0695806,2026-01-01
5,7,10,ur1995369,2026-01-01
5,7,10,ur48735250,2026-01-01
5,7,10,ur48955976,2026-01-01
5,7,10,ur212097239,2025-12-31
5,7,10,ur201645067,2025-12-31
5,7,10,ur211598983,2025-12-31
5,7,10,ur197609857,2025-12-31
5,7,10,ur206909513,2025-12-31
5,7,10,ur190109383,2025-12-31
5,7,10,ur11947201,2025-12-31
5,7,10,ur206692553,2025-12-31
5,7,10,ur212085388,2025-12-31
5,7,10,ur210917629,2025-12-31
5,7,10,ur158399218,2025-12-31
5,7,10,ur1973716,2025-12-31
5,7,10,ur164359193,2025-12-31
5,7,10,ur150013602,2025-12-31
5,7,10,ur212089213,2025-12-31
5,7,10,ur212089244,2025-12-31
5,7,10,ur212063576,2025-12-31
5,7,10,ur24119904,2025-12-31
5,7,10,ur212089108,2025-12-31
5,7,10,ur49686033,2025-12-31
5,7,10,ur211969139,2025-12-31
5,7,10,ur212087592,2025-12-31
5,7,10,ur212087421,2025-12-31
5,7,10,ur212088059,2025-12-31
5,7,10,ur212024067,2025-12-31
5,7,10,ur211650064,2025-12-31
5,7,10,ur212087110,2025-12-31
5,7,10,ur212085973,2025-12-31
5,7,10,ur212087228,2025-12-31
5,7,10,ur1977140,2025-12-31
5,7,10,ur212086421,2025-12-31
5,7,10,ur172254389,2025-12-31
5,7,10,ur211953202,2025-12-31
5,7,10,ur212085948,2025-12-31
5,7,10,ur212048613,2025-12-31
5,7,10,ur212085131,2025-12-31
5,7,10,ur212084453,2025-12-31
5,7,10,ur170505673,2025-12-31
5,7,10,ur212085579,2025-12-31
5,7,10,ur212049910,2025-12-31
5,7,10,ur212084981,2025-12-31
5,7,10,ur7530783,2025-12-31
5,7,10,ur185654272,2025-12-31
5,7,10,ur194384796,2025-12-31
5,7,10,ur185654272,2025-12-31
5,7,10,ur70026265,2025-12-31
5,7,10,ur212081336,2025-12-31
5,7,10,ur211972073,2025-12-31
5,7,10,ur212082112,2025-12-31
5,7,10,ur211953082,2025-12-31
5,7,10,ur96239708,2025-12-31
5,7,10,ur52563803,2025-12-31
5,7,10,ur62647117,2025-12-31
5,7,10,ur212079655,2025-12-31
5,7,10,ur212081241,2025-12-31
5,7,10,ur44831751,2025-12-31
5,7,10,ur212034633,2025-12-31
5,7,10,ur89420096,2025-12-31
5,7,10,ur8055112,2025-12-31
5,7,10,ur67924426,2025-12-31
5,7,10,ur212033002,2025-12-31
5,7,10,ur123540943,2025-12-31
5,7,10,ur208319429,2025-12-31
5,7,10,ur212079905,2025-12-31
5,7,10,ur212079800,2025-12-31
5,7,10,ur193643338,2025-12-31
5,7,10,ur107078727,2025-12-31
5,7,10,ur39525540,2025-12-31
5,7,10,ur6275030,2025-12-31
5,7,10,ur212077356,2025-12-31
5,7,10,ur212078921,2025-12-31
5,7,10,ur212077563,2025-12-31
5,7,10,ur212077775,2025-12-31
5,7,10,ur211657495,2025-12-30
5,7,10,ur168690984,2025-12-30
5,7,10,ur212054032,2025-12-30
5,7,10,ur45946541,2025-12-30
5,7,10,ur212078029,2025-12-30
5,7,10,ur135792816,2025-12-30
5,7,10,ur11530847,2025-12-30
5,7,10,ur212076353,2025-12-30
5,7,10,ur212076353,2025-12-30
5,7,10,ur212077338,2025-12-30
5,7,10,ur212050598,2025-12-30
5,7,10,ur211995515,2025-12-30
5,7,10,ur156091252,2025-12-30
5,7,10,ur212011114,2025-12-30
5,7,10,ur212077168,2025-12-30
5,7,10,ur212076619,2025-12-30
5,7,10,ur212076541,2025-12-30
5,7,10,ur109013830,2025-12-30
5,7,10,ur103577213,2025-12-30
5,7,10,ur212075670,2025-12-30
5,7,10,ur212075191,2025-12-30
5,7,10,ur211982661,2025-12-30
5,7,10,ur212074182,2025-12-30
5,7,10,ur212073854,2025-12-30
5,7,10,ur12826751,2025-12-30
5,7,10,ur112260965,2025-12-30
5,7,10,ur212072688,2025-12-30
5,7,10,ur212074039,2025-12-30
5,7,10,ur195470963,2025-12-30
5,7,10,ur212072284,2025-12-30
5,7,10,ur211977585,2025-12-30
5,7,10,ur212071233,2025-12-30
5,7,10,ur208651335,2025-12-30
5,7,10,ur212070314,2025-12-30
5,7,10,ur212071009,2025-12-30
5,7,10,ur23607749,2025-12-30
5,7,10,ur211432388,2025-12-30
5,7,10,ur167687132,2025-12-30
5,7,10,ur212068105,2025-12-30
5,7,10,ur211448927,2025-12-30
5,7,10,ur187362567,2025-12-30
5,7,10,ur69807875,2025-12-30
5,7,10,ur212067623,2025-12-30
5,7,10,ur212067786,2025-12-30
5,7,10,ur212047976,2025-12-30
5,7,10,ur212066896,2025-12-30
5,7,10,ur212068349,2025-12-30
5,7,10,ur212066137,2025-12-30
5,7,10,ur212067492,2025-12-30
5,7,10,ur212065834,2025-12-30
5,7,10,ur59822049,2025-12-30
5,7,10,ur181129694,2025-12-30
5,7,10,ur212066332,2025-12-30
5,7,10,ur212066501,2025-12-30
5,7,10,ur212023555,2025-12-30
5,7,10,ur212065394,2025-12-30
5,7,10,ur200749373,2025-12-30
5,7,10,ur212064307,2025-12-30
5,7,10,ur212065192,2025-12-30
5,7,10,ur212065323,2025-12-30
5,7,10,ur128470690,2025-12-30
5,7,10,ur100876727,2025-12-30
5,7,10,ur212065232,2025-12-30
5,7,10,ur212064417,2025-12-30
5,7,10,ur212060441,2025-12-30
5,7,10,ur159587458,2025-12-30
5,7,10,ur100359640,2025-12-30
5,7,10,ur103225540,2025-12-30
5,7,10,ur212063227,2025-12-30
5,7,10,ur212064053,2025-12-30
5,7,10,ur212062314,2025-12-30
5,7,10,ur212063281,2025-12-30
5,7,10,ur212064189,2025-12-30
5,7,10,ur212061927,2025-12-30
5,7,10,ur192365892,2025-12-30
5,7,10,ur212044976,2025-12-30
5,7,10,ur212063929,2025-12-30
5,7,10,ur212063798,2025-12-30
5,7,10,ur180424782,2025-12-30
5,7,10,ur212061881,2025-12-30
5,7,10,ur212063163,2025-12-30
5,7,10,ur212062572,2025-12-30
5,7,10,ur212061526,2025-12-30
5,7,10,ur212061157,2025-12-30
5,7,10,ur212061356,2025-12-30
5,7,10,ur175500983,2025-12-30
5,7,10,ur185305496,2025-12-30
5,7,10,ur212006403,2025-12-30
5,7,10,ur26216829,2025-12-30
5,7,10,ur161125413,2025-12-30
5,7,10,ur74514193,2025-12-30
5,7,10,ur212019993,2025-12-30
5,7,10,ur212061204,2025-12-30
5,7,10,ur212061790,2025-12-30
5,7,10,ur212061690,2025-12-30
5,7,10,ur136417929,2025-12-30
5,7,10,ur63442475,2025-12-30
5,7,10,ur212060204,2025-12-30
5,7,10,ur212030298,2025-12-30
5,7,10,ur169078659,2025-12-30
5,7,10,ur212060537,2025-12-30
5,7,10,ur212059704,2025-12-30
5,7,10,ur212060452,2025-12-30
5,7,10,ur212060330,2025-12-30
5,7,10,ur183923231,2025-12-30
5,7,10,ur212059667,2025-12-30
5,7,10,ur212060080,2025-12-30
5,7,10,ur212059790,2025-12-30
5,7,10,ur212060019,2025-12-30
5,7,10,ur211462325,2025-12-30
5,7,10,ur212058027,2025-12-30
5,7,10,ur212059510,2025-12-30
5,7,10,ur212057992,2025-12-30
5,7,10,ur84411555,2025-12-30
5,7,10,ur212058732,2025-12-30
5,7,10,ur194063070,2025-12-30
5,7,10,ur211410676,2025-12-30
5,7,10,ur212058442,2025-12-30
5,7,10,ur212057625,2025-12-30
5,7,10,ur212056985,2025-12-30
5,7,10,ur212058908,2025-12-30
5,7,10,ur160572325,2025-12-30
5,7,10,ur212024175,2025-12-30
5,7,10,ur212057336,2025-12-30
5,7,10,ur212058240,2025-12-30
5,7,10,ur164943757,2025-12-30
5,7,10,ur212057475,2025-12-30
5,7,10,ur120848079,2025-12-30
5,7,10,ur182018726,2025-12-30
5,7,10,ur212057898,2025-12-30
5,7,10,ur212057639,2025-12-30
5,7,10,ur126161756,2025-12-30
5,7,10,ur211984353,2025-12-30
5,7,10,ur212057388,2025-12-30
5,7,10,ur163699275,2025-12-30
5,7,10,ur212056989,2025-12-30
5,7,10,ur212057118,2025-12-30
5,7,10,ur211995050,2025-12-30
5,7,10,ur147391830,2025-12-30
5,7,10,ur212055165,2025-12-30
5,7,10,ur212056120,2025-12-30
5,7,10,ur212008910,2025-12-30
5,7,10,ur212055062,2025-12-30
5,7,10,ur212054413,2025-12-30
5,7,10,ur134118538,2025-12-30
5,7,10,ur212055729,2025-12-30
5,7,10,ur212054954,2025-12-30
5,7,10,ur212019022,2025-12-30
5,7,10,ur5756611,2025-12-30
5,7,10,ur70307463,2025-12-30
5,7,10,ur212055648,2025-12-30
5,7,10,ur212055251,2025-12-30
5,7,10,ur27725570,2025-12-30
5,7,10,ur38062576,2025-12-30
5,7,10,ur128196048,2025-12-30
5,7,10,ur212053631,2025-12-30
5,7,10,ur96682117,2025-12-30
5,7,10,ur212054398,2025-12-30
5,7,10,ur183290829,2025-12-30
5,7,10,ur212053550,2025-12-30
5,7,10,ur212053032,2025-12-30
5,7,10,ur177748376,2025-12-30
5,7,10,ur168566109,2025-12-30
5,7,10,ur111704109,2025-12-30
5,7,10,ur212052628,2025-12-30
5,7,10,ur212052353,2025-12-30
5,7,10,ur212052733,2025-12-30
5,7,10,ur212051273,2025-12-30
5,7,10,ur92008826,2025-12-30
5,7,10,ur160541829,2025-12-30
5,7,10,ur212050716,2025-12-30
5,7,10,ur212050924,2025-12-30
5,7,10,ur212051094,2025-12-30
5,7,10,ur212051281,2025-12-30
5,7,10,ur129478660,2025-12-30
5,7,10,ur71616955,2025-12-30
5,7,10,ur212039283,2025-12-30
5,7,10,ur212026613,2025-12-30
5,7,10,ur31839205,2025-12-30
5,7,10,ur212050234,2025-12-30
5,7,10,ur212050681,2025-12-30
5,7,10,ur212049695,2025-12-30
5,7,10,ur108626596,2025-12-30
5,7,10,ur212049880,2025-12-30
5,7,10,ur212048537,2025-12-30
5,7,10,ur212050770,2025-12-30
5,7,10,ur212047143,2025-12-30
5,7,10,ur156178999,2025-12-30
5,7,10,ur212015936,2025-12-30
5,7,10,ur212048957,2025-12-30
5,7,10,ur212050529,2025-12-30
5,7,10,ur212049935,2025-12-30
5,7,10,ur212050368,2025-12-29
5,7,10,ur212048934,2025-12-29
5,7,10,ur212050098,2025-12-29
5,7,10,ur194540662,2025-12-29
5,7,10,ur212049769,2025-12-29
5,7,10,ur13877767,2025-12-29
5,7,10,ur212047985,2025-12-29
5,7,10,ur152942432,2025-12-29
5,7,10,ur125692931,2025-12-29
5,7,10,ur212048286,2025-12-29
5,7,10,ur68930486,2025-12-29
5,7,10,ur141528613,2025-12-29
5,7,10,ur211069086,2025-12-29
5,7,10,ur188747102,2025-12-29
5,7,10,ur212048642,2025-12-29
5,7,10,ur211390668,2025-12-29
5,7,10,ur94522962,2025-12-29
5,7,10,ur212048123,2025-12-29
5,7,10,ur212047685,2025-12-29
5,7,10,ur212047507,2025-12-29
5,7,10,ur212048839,2025-12-29
5,7,10,ur212048858,2025-12-29
5,7,10,ur212048002,2025-12-29
5,7,10,ur212046405,2025-12-29
5,7,10,ur212047892,2025-12-29
5,7,10,ur24188581,2025-12-29
5,7,10,ur212045883,2025-12-29
5,7,10,ur114607087,2025-12-29
5,7,10,ur211596345,2025-12-29
5,7,10,ur201843100,2025-12-29
5,7,10,ur212047382,2025-12-29
5,7,10,ur212047286,2025-12-29
5,7,10,ur212046777,2025-12-29
5,7,10,ur162864308,2025-12-29
5,7,10,ur212047582,2025-12-29
5,7,10,ur19348693,2025-12-29
5,7,10,ur212046726,2025-12-29
5,7,10,ur1863829,2025-12-29
5,7,10,ur36364373,2025-12-29
5,7,10,ur212045526,2025-12-29
5,7,10,ur206314066,2025-12-29
5,7,10,ur212017324,2025-12-29
5,7,10,ur212047528,2025-12-29
5,7,10,ur212047459,2025-12-29
5,7,10,ur151320327,2025-12-29
5,7,10,ur53142849,2025-12-29
5,7,10,ur212047239,2025-12-29
5,7,10,ur1154299,2025-12-29
5,7,10,ur212046780,2025-12-29
5,7,10,ur97097518,2025-12-29
5,7,10,ur212046112,2025-12-29
5,7,10,ur127879079,2025-12-29
5,7,10,ur212046328,2025-12-29
5,7,10,ur212045543,2025-12-29
5,7,10,ur212046178,2025-12-29
5,7,10,ur212012997,2025-12-29
5,7,10,ur164700043,2025-12-29
5,7,10,ur212045435,2025-12-29
5,7,10,ur156523612,2025-12-29
5,7,10,ur43678023,2025-12-29
5,7,10,ur211973284,2025-12-29
5,7,10,ur212033486,2025-12-29
5,7,10,ur211993843,2025-12-29
5,7,10,ur212044103,2025-12-29
5,7,10,ur212044742,2025-12-29
5,7,10,ur212045090,2025-12-29
5,7,10,ur212044384,2025-12-29
5,7,10,ur212043864,2025-12-29
5,7,10,ur212044780,2025-12-29
5,7,10,ur212021697,2025-12-29
5,7,10,ur212044680,2025-12-29
5,7,10,ur103161816,2025-12-29
5,7,10,ur212044470,2025-12-29
5,7,10,ur212043040,2025-12-29
5,7,10,ur190593485,2025-12-29
5,7,10,ur71924153,2025-12-29
5,7,10,ur212043553,2025-12-29
5,7,10,ur212015719,2025-12-29
5,7,10,ur211939144,2025-12-29
5,7,10,ur212022615,2025-12-29
5,7,10,ur59859043,2025-12-29
5,7,10,ur212042533,2025-12-29
5,7,10,ur212041535,2025-12-29
5,7,10,ur212042673,2025-12-29
5,7,10,ur23675095,2025-12-29
5,7,10,ur212042645,2025-12-29
5,7,10,ur212041399,2025-12-29
5,7,10,ur212035980,2025-12-29
5,7,10,ur210810155,2025-12-29
5,7,10,ur212042889,2025-12-29
5,7,10,ur182133527,2025-12-29
5,7,10,ur212042614,2025-12-29
5,7,10,ur212042353,2025-12-29
5,7,10,ur212042182,2025-12-29
5,7,10,ur212040797,2025-12-29
5,7,10,ur212041883,2025-12-29
5,7,10,ur89003093,2025-12-29
5,7,10,ur212041524,2025-12-29
5,7,10,ur212041126,2025-12-29
5,7,10,ur197745690,2025-12-29
5,7,10,ur212041532,2025-12-29
5,7,10,ur3129575,2025-12-29
5,7,10,ur212040673,2025-12-29
5,7,10,ur167475371,2025-12-29
5,7,10,ur212041337,2025-12-29
5,7,10,ur212041390,2025-12-29
5,7,10,ur212041982,2025-12-29
5,7,10,ur212029359,2025-12-29
5,7,10,ur74871424,2025-12-29
5,7,10,ur212041213,2025-12-29
5,7,10,ur212041578,2025-12-29
5,7,10,ur124660168,2025-12-29
5,7,10,ur211999657,2025-12-29
5,7,10,ur211990258,2025-12-29
5,7,10,ur107947578,2025-12-29
5,7,10,ur212040448,2025-12-29
5,7,10,ur212040457,2025-12-29
5,7,10,ur211560131,2025-12-29
5,7,10,ur212040310,2025-12-29
5,7,10,ur212040549,2025-12-29
5,7,10,ur211989509,2025-12-29
5,7,10,ur212039343,2025-12-29
5,7,10,ur212040208,2025-12-29
5,7,10,ur212038772,2025-12-29
5,7,10,ur7143427,2025-12-29
5,7,10,ur211420442,2025-12-29
5,7,10,ur144335296,2025-12-29
5,7,10,ur212039380,2025-12-29
5,7,10,ur177079701,2025-12-29
5,7,10,ur161598872,2025-12-29
5,7,10,ur212037305,2025-12-29
5,7,10,ur200401660,2025-12-29
5,7,10,ur212038428,2025-12-29
5,7,10,ur212002961,2025-12-29
5,7,10,ur212037985,2025-12-29
5,7,10,ur211995491,2025-12-29
5,7,10,ur212030715,2025-12-29
5,7,10,ur35353646,2025-12-29
5,7,10,ur151983982,2025-12-29
5,7,10,ur212027532,2025-12-29
5,7,10,ur212038568,2025-12-29
5,7,10,ur212037055,2025-12-29
5,7,10,ur212034576,2025-12-29
5,7,10,ur211999841,2025-12-29
5,7,10,ur212038068,2025-12-29
5,7,10,ur212037938,2025-12-29
5,7,10,ur35515000,2025-12-29
5,7,10,ur212036052,2025-12-29
5,7,10,ur212037072,2025-12-29
5,7,10,ur131579776,2025-12-29
5,7,10,ur212036858,2025-12-29
5,7,10,ur212037099,2025-12-29
5,7,10,ur101258523,2025-12-29
5,7,10,ur212013880,2025-12-29
5,7,10,ur106478063,2025-12-29
5,7,10,ur160748006,2025-12-29
5,7,10,ur212036678,2025-12-29
5,7,10,ur212036649,2025-12-29
5,7,10,ur211137505,2025-12-29
5,7,10,ur212036558,2025-12-29
5,7,10,ur212035406,2025-12-29
5,7,10,ur212015152,2025-12-29
5,7,10,ur212034555,2025-12-29
5,7,10,ur212036439,2025-12-29
5,7,10,ur212025480,2025-12-29
5,7,10,ur111959772,2025-12-29
5,7,10,ur211997908,2025-12-29
5,7,10,ur211960079,2025-12-29
5,7,10,ur102727389,2025-12-29
5,7,10,ur98146048,2025-12-29
5,7,10,ur64717473,2025-12-29
5,7,10,ur212001989,2025-12-29
5,7,10,ur212034273,2025-12-29
5,7,10,ur212034420,2025-12-29
5,7,10,ur198194752,2025-12-29
5,7,10,ur211995937,2025-12-29
5,7,10,ur212032575,2025-12-29
5,7,10,ur212033614,2025-12-29
5,7,10,ur212033983,2025-12-29
5,7,10,ur212025196,2025-12-29
5,7,10,ur133126508,2025-12-29
5,7,10,ur211973773,2025-12-29
5,7,10,ur211974008,2025-12-29
5,7,10,ur77674767,2025-12-29
5,7,10,ur63290670,2025-12-29
5,7,10,ur3039531,2025-12-29
5,7,10,ur198112394,2025-12-29
5,7,10,ur103978275,2025-12-29
5,7,10,ur0406475,2025-12-29
5,7,10,ur212032534,2025-12-29
5,7,10,ur212033319,2025-12-29
5,7,10,ur102810059,2025-12-29
5,7,10,ur152541842,2025-12-29
5,7,10,ur190221637,2025-12-29
5,7,10,ur212032570,2025-12-29
5,7,10,ur212030667,2025-12-29
5,7,10,ur212030906,2025-12-29
5,7,10,ur179452193,2025-12-29
5,7,10,ur212032258,2025-12-29
5,7,10,ur69814105,2025-12-29
5,7,10,ur144556504,2025-12-29
5,7,10,ur126384579,2025-12-29
5,7,10,ur211953376,2025-12-29
5,7,10,ur212029955,2025-12-29
5,7,10,ur212030286,2025-12-29
5,7,10,ur212031469,2025-12-29
5,7,10,ur50443210,2025-12-29
5,7,10,ur212030516,2025-12-29
5,7,10,ur198912828,2025-12-29
5,7,10,ur212031250,2025-12-29
5,7,10,ur191307260,2025-12-29
5,7,10,ur212030758,2025-12-29
5,7,10,ur195101298,2025-12-29
5,7,10,ur33644914,2025-12-29
5,7,10,ur212029585,2025-12-29
5,7,10,ur212030788,2025-12-29
5,7,10,ur171923504,2025-12-29
5,7,10,ur211940332,2025-12-29
5,7,10,ur212030448,2025-12-29
5,7,10,ur212030169,2025-12-29
5,7,10,ur186788653,2025-12-29
5,7,10,ur37150357,2025-12-29
5,7,10,ur211975534,2025-12-29
5,7,10,ur212028634,2025-12-29
5,7,10,ur212028436,2025-12-29
5,7,10,ur212029869,2025-12-29
5,7,10,ur212029012,2025-12-29
5,7,10,ur212029351,2025-12-29
5,7,10,ur212027982,2025-12-29
5,7,10,ur212029171,2025-12-29
5,7,10,ur211387216,2025-12-29
5,7,10,ur212028043,2025-12-29
5,7,10,ur212029538,2025-12-29
5,7,10,ur212028412,2025-12-29
5,7,10,ur212028251,2025-12-29
5,7,10,ur211992691,2025-12-29
5,7,10,ur212028560,2025-12-29
5,7,10,ur33039720,2025-12-29
5,7,10,ur211899140,2025-12-29
5,7,10,ur212028239,2025-12-29
5,7,10,ur212027697,2025-12-29
5,7,10,ur67332105,2025-12-29
5,7,10,ur159439975,2025-12-29
5,7,10,ur196187478,2025-12-29
5,7,10,ur212026806,2025-12-29
5,7,10,ur212027530,2025-12-29
5,7,10,ur211995783,2025-12-29
5,7,10,ur205267580,2025-12-29
5,7,10,ur212013764,2025-12-29
5,7,10,ur212024547,2025-12-29
5,7,10,ur212016359,2025-12-29
5,7,10,ur127856454,2025-12-29
5,7,10,ur212025873,2025-12-29
5,7,10,ur37136189,2025-12-29
5,7,10,ur212026862,2025-12-29
5,7,10,ur211863573,2025-12-29
5,7,10,ur173538166,2025-12-29
5,7,10,ur212026428,2025-12-29
5,7,10,ur212025516,2025-12-29
5,7,10,ur91499729,2025-12-29
5,7,10,ur203400335,2025-12-29
5,7,10,ur212023770,2025-12-29
5,7,10,ur212013270,2025-12-29
5,7,10,ur212022074,2025-12-29
5,7,10,ur212025594,2025-12-29
5,7,10,ur212025190,2025-12-29
5,7,10,ur212026019,2025-12-29
5,7,10,ur212025680,2025-12-29
5,7,10,ur212024203,2025-12-29
5,7,10,ur129096574,2025-12-29
5,7,10,ur211369641,2025-12-29
5,7,10,ur212025161,2025-12-29
5,7,10,ur156356442,2025-12-29
5,7,10,ur212006953,2025-12-29
5,7,10,ur211668366,2025-12-29
5,7,10,ur212025269,2025-12-29
5,7,10,ur211583390,2025-12-29
5,7,10,ur158085655,2025-12-29
5,7,10,ur212025048,2025-12-29
5,7,10,ur212024519,2025-12-29
5,7,10,ur212024681,2025-12-29
5,7,10,ur212022957,2025-12-29
5,7,10,ur212024788,2025-12-29
5,7,10,ur212024398,2025-12-29
5,7,10,ur160256183,2025-12-29
5,7,10,ur212023242,2025-12-29
5,7,10,ur211990142,2025-12-29
5,7,10,ur29077213,2025-12-29
5,7,10,ur212022974,2025-12-29
5,7,10,ur156156988,2025-12-29
5,7,10,ur212021835,2025-12-29
5,7,10,ur212022709,2025-12-29
5,7,10,ur212023311,2025-12-29
5,7,10,ur212023211,2025-12-29
5,7,10,ur212020525,2025-12-29
5,7,10,ur212022408,2025-12-29
5,7,10,ur211993070,2025-12-29
5,7,10,ur194939597,2025-12-29
5,7,10,ur211625612,2025-12-29
5,7,10,ur171995403,2025-12-29
5,7,10,ur129117653,2025-12-29
5,7,10,ur121241071,2025-12-29
5,7,10,ur212021789,2025-12-29
5,7,10,ur212021496,2025-12-29
5,7,10,ur212021175,2025-12-29
5,7,10,ur212021639,2025-12-29
5,7,10,ur212021609,2025-12-29
5,7,10,ur212020703,2025-12-29
5,7,10,ur212020672,2025-12-29
5,7,10,ur211826411,2025-12-29
5,7,10,ur212020037,2025-12-29
5,7,10,ur212021458,2025-12-29
5,7,10,ur212020314,2025-12-29
5,7,10,ur106820668,2025-12-29
5,7,10,ur212021078,2025-12-29
5,7,10,ur130020758,2025-12-29
5,7,10,ur183688245,2025-12-29
5,7,10,ur212019402,2025-12-29
5,7,10,ur212020638,2025-12-29
5,7,10,ur198814490,2025-12-29
5,7,10,ur198814490,2025-12-29
5,7,10,ur212020389,2025-12-29
5,7,10,ur198814490,2025-12-29
5,7,10,ur212020378,2025-12-29
5,7,10,ur212019004,2025-12-29
5,7,10,ur185928255,2025-12-29
5,7,10,ur105768768,2025-12-29
5,7,10,ur212019981,2025-12-29
5,7,10,ur110749102,2025-12-29
5,7,10,ur211394404,2025-12-29
5,7,10,ur212019808,2025-12-29
5,7,10,ur211975856,2025-12-29
5,7,10,ur150417383,2025-12-29
5,7,10,ur211971687,2025-12-29
5,7,10,ur27486961,2025-12-29
5,7,10,ur17120258,2025-12-29
5,7,10,ur212017146,2025-12-29
5,7,10,ur212018768,2025-12-29
5,7,10,ur212015231,2025-12-29
5,7,10,ur212018355,2025-12-29
5,7,10,ur193388014,2025-12-29
5,7,10,ur212018230,2025-12-29
5,7,10,ur211992357,2025-12-29
5,7,10,ur211925124,2025-12-29
5,7,10,ur211984367,2025-12-29
5,7,10,ur196924912,2025-12-29
5,7,10,ur212017612,2025-12-29
5,7,10,ur211927360,2025-12-29
5,7,10,ur211949942,2025-12-29
5,7,10,ur212016724,2025-12-29
5,7,10,ur212017292,2025-12-29
5,7,10,ur204138841,2025-12-29
5,7,10,ur212017402,2025-12-29
5,7,10,ur212017589,2025-12-29
5,7,10,ur103573716,2025-12-29
5,7,10,ur212015931,2025-12-29
5,7,10,ur211951847,2025-12-29
5,7,10,ur169704468,2025-12-29
5,7,10,ur212015696,2025-12-29
5,7,10,ur196612998,2025-12-29
5,7,10,ur162811819,2025-12-29
5,7,10,ur212015265,2025-12-29
5,7,10,ur183561788,2025-12-29
5,7,10,ur211939144,2025-12-29
5,7,10,ur100028993,2025-12-29
5,7,10,ur212015749,2025-12-29
5,7,10,ur212015600,2025-12-29
5,7,10,ur42884031,2025-12-29
5,7,10,ur212014566,2025-12-29
5,7,10,ur152727921,2025-12-29
5,7,10,ur212015360,2025-12-29
5,7,10,ur212015559,2025-12-29
5,7,10,ur212013196,2025-12-29
5,7,10,ur212015719,2025-12-29
5,7,10,ur212014294,2025-12-29
5,7,10,ur212013973,2025-12-29
5,7,10,ur212014684,2025-12-29
5,7,10,ur52897349,2025-12-29
5,7,10,ur211949251,2025-12-29
5,7,10,ur212012126,2025-12-29
5,7,10,ur211945755,2025-12-29
5,7,10,ur212014522,2025-12-29
5,7,10,ur177744312,2025-12-29
5,7,10,ur212014381,2025-12-29
5,7,10,ur211942845,2025-12-29
5,7,10,ur212013635,2025-12-29
5,7,10,ur212014628,2025-12-29
5,7,10,ur212013491,2025-12-29
5,7,10,ur212001684,2025-12-29
5,7,10,ur205567207,2025-12-29
5,7,10,ur212012927,2025-12-29
5,7,10,ur211935572,2025-12-29
5,7,10,ur212012345,2025-12-29
5,7,10,ur203169222,2025-12-29
5,7,10,ur188418277,2025-12-29
5,7,10,ur212013749,2025-12-29
5,7,10,ur212013850,2025-12-29
5,7,10,ur212012911,2025-12-29
5,7,10,ur212013612,2025-12-29
5,7,10,ur211994434,2025-12-29
5,7,10,ur26918274,2025-12-29
5,7,10,ur212012713,2025-12-29
5,7,10,ur134061055,2025-12-29
5,7,10,ur210940223,2025-12-29
5,7,10,ur212012705,2025-12-29
5,7,10,ur189526677,2025-12-29
5,7,10,ur55604532,2025-12-29
5,7,10,ur120092458,2025-12-29
5,7,10,ur124032930,2025-12-29
5,7,10,ur168168217,2025-12-29
5,7,10,ur211930760,2025-12-29
5,7,10,ur212012043,2025-12-29
5,7,10,ur212012083,2025-12-29
5,7,10,ur41492179,2025-12-29
5,7,10,ur212012236,2025-12-29
5,7,10,ur212012451,2025-12-29
5,7,10,ur211934076,2025-12-29
5,7,10,ur166130292,2025-12-29
5,7,10,ur57511454,2025-12-29
5,7,10,ur212003548,2025-12-29
5,7,10,ur212011571,2025-12-29
5,7,10,ur64582872,2025-12-29
5,7,10,ur212011491,2025-12-28
5,7,10,ur1128892,2025-12-28
5,7,10,ur212011720,2025-12-28
5,7,10,ur212011818,2025-12-28
5,7,10,ur114280586,2025-12-28
5,7,10,ur212010973,2025-12-28
5,7,10,ur212010827,2025-12-28
5,7,10,ur127770149,2025-12-28
5,7,10,ur212010571,2025-12-28
5,7,10,ur158700327,2025-12-28
5,7,10,ur212011320,2025-12-28
5,7,10,ur212010723,2025-12-28
5,7,10,ur211977896,2025-12-28
5,7,10,ur212011438,2025-12-28
5,7,10,ur212011319,2025-12-28
5,7,10,ur201162461,2025-12-28
5,7,10,ur75628049,2025-12-28
5,7,10,ur212009115,2025-12-28
5,7,10,ur171070526,2025-12-28
5,7,10,ur211958545,2025-12-28
5,7,10,ur212010043,2025-12-28
5,7,10,ur137191016,2025-12-28
5,7,10,ur212009142,2025-12-28
5,7,10,ur212010668,2025-12-28
5,7,10,ur212009405,2025-12-28
5,7,10,ur59650987,2025-12-28
5,7,10,ur212007994,2025-12-28
5,7,10,ur178687164,2025-12-28
5,7,10,ur32393499,2025-12-28
5,7,10,ur212009579,2025-12-28
5,7,10,ur117688009,2025-12-28
5,7,10,ur185206465,2025-12-28
5,7,10,ur211973322,2025-12-28
5,7,10,ur212008346,2025-12-28
5,7,10,ur212009000,2025-12-28
5,7,10,ur212009569,2025-12-28
5,7,10,ur150281062,2025-12-28
5,7,10,ur212008493,2025-12-28
5,7,10,ur167435120,2025-12-28
5,7,10,ur212008624,2025-12-28
5,7,10,ur159150647,2025-12-28
5,7,10,ur212007816,2025-12-28
5,7,10,ur156441836,2025-12-28
5,7,10,ur212008155,2025-12-28
5,7,10,ur211944832,2025-12-28
5,7,10,ur212007519,2025-12-28
5,7,10,ur121036973,2025-12-28
5,7,10,ur212007774,2025-12-28
5,7,10,ur204439462,2025-12-28
5,7,10,ur212006724,2025-12-28
5,7,10,ur212006786,2025-12-28
5,7,10,ur121055274,2025-12-28
5,7,10,ur211988499,2025-12-28
5,7,10,ur212007493,2025-12-28
5,7,10,ur211988593,2025-12-28
5,7,10,ur211998102,2025-12-28
5,7,10,ur184422125,2025-12-28
5,7,10,ur193191710,2025-12-28
5,7,10,ur212005865,2025-12-28
5,7,10,ur211406688,2025-12-28
5,7,10,ur212006421,2025-12-28
5,7,10,ur211974329,2025-12-28
5,7,10,ur212007221,2025-12-28
5,7,10,ur199664408,2025-12-28
5,7,10,ur211952479,2025-12-28
5,7,10,ur211836446,2025-12-28
5,7,10,ur212005936,2025-12-28
5,7,10,ur212005922,2025-12-28
5,7,10,ur212005243,2025-12-28
5,7,10,ur136185610,2025-12-28
5,7,10,ur212003012,2025-12-28
5,7,10,ur192858753,2025-12-28
5,7,10,ur212005103,2025-12-28
5,7,10,ur46814885,2025-12-28
5,7,10,ur176689376,2025-12-28
5,7,10,ur205329851,2025-12-28
5,7,10,ur95308635,2025-12-28
5,7,10,ur212003422,2025-12-28
5,7,10,ur212005008,2025-12-28
5,7,10,ur212003863,2025-12-28
5,7,10,ur212003067,2025-12-28
5,7,10,ur212004308,2025-12-28
5,7,10,ur211975058,2025-12-28
5,7,10,ur168866637,2025-12-28
5,7,10,ur212003072,2025-12-28
5,7,10,ur152599602,2025-12-28
5,7,10,ur212003160,2025-12-28
5,7,10,ur212003109,2025-12-28
5,7,10,ur198957553,2025-12-28
5,7,10,ur158491660,2025-12-28
5,7,10,ur211974086,2025-12-28
5,7,10,ur160360991,2025-12-28
5,7,10,ur35686711,2025-12-28
5,7,10,ur134264707,2025-12-28
5,7,10,ur211977525,2025-12-28
5,7,10,ur12343744,2025-12-28
5,7,10,ur169073410,2025-12-28
5,7,10,ur183666950,2025-12-28
5,7,10,ur211971135,2025-12-28
5,7,10,ur212001094,2025-12-28
5,7,10,ur207749832,2025-12-28
5,7,10,ur212001320,2025-12-28
5,7,10,ur211936633,2025-12-28
5,7,10,ur198957553,2025-12-28
5,7,10,ur212000415,2025-12-28
5,7,10,ur211998136,2025-12-28
5,7,10,ur59649089,2025-12-28
5,7,10,ur212000493,2025-12-28
5,7,10,ur212000442,2025-12-28
5,7,10,ur49240157,2025-12-28
5,7,10,ur211999191,2025-12-28
5,7,10,ur211999359,2025-12-28
5,7,10,ur211998243,2025-12-28
5,7,10,ur211998156,2025-12-28
5,7,10,ur164920617,2025-12-28
5,7,10,ur211999639,2025-12-28
5,7,10,ur211997617,2025-12-28
5,7,10,ur129860740,2025-12-28
5,7,10,ur193124653,2025-12-28
5,7,10,ur211998812,2025-12-28
5,7,10,ur211998243,2025-12-28
5,7,10,ur211998506,2025-12-28
5,7,10,ur211978283,2025-12-28
5,7,10,ur156057764,2025-12-28
5,7,10,ur211998019,2025-12-28
5,7,10,ur206427970,2025-12-28
5,7,10,ur211997325,2025-12-28
5,7,10,ur201336625,2025-12-28
5,7,10,ur34089259,2025-12-28
5,7,10,ur182323067,2025-12-28
5,7,10,ur211954575,2025-12-28
5,7,10,ur211998145,2025-12-28
5,7,10,ur207550188,2025-12-28
5,7,10,ur190077330,2025-12-28
5,7,10,ur211997285,2025-12-28
5,7,10,ur211997191,2025-12-28
5,7,10,ur109046516,2025-12-28
5,7,10,ur211996785,2025-12-28
5,7,10,ur26801157,2025-12-28
5,7,10,ur164447004,2025-12-28
5,7,10,ur211997948,2025-12-28
5,7,10,ur68440176,2025-12-28
5,7,10,ur211996865,2025-12-28
5,7,10,ur171429662,2025-12-28
5,7,10,ur161849041,2025-12-28
5,7,10,ur164204012,2025-12-28
5,7,10,ur211997373,2025-12-28
5,7,10,ur193878106,2025-12-28
5,7,10,ur211996761,2025-12-28
5,7,10,ur211990065,2025-12-28
5,7,10,ur211994556,2025-12-28
5,7,10,ur211448877,2025-12-28
5,7,10,ur211996948,2025-12-28
5,7,10,ur211948396,2025-12-28
5,7,10,ur37795575,2025-12-28
5,7,10,ur211938591,2025-12-28
5,7,10,ur211964381,2025-12-28
5,7,10,ur211991648,2025-12-28
5,7,10,ur211993863,2025-12-28
5,7,10,ur208821995,2025-12-28
5,7,10,ur211994271,2025-12-28
5,7,10,ur211940137,2025-12-28
5,7,10,ur211993235,2025-12-28
5,7,10,ur211994512,2025-12-28
5,7,10,ur42979385,2025-12-28
5,7,10,ur211957241,2025-12-28
5,7,10,ur211983546,2025-12-28
5,7,10,ur185911824,2025-12-28
5,7,10,ur211985272,2025-12-28
5,7,10,ur211992666,2025-12-28
5,7,10,ur211992178,2025-12-28
5,7,10,ur211993819,2025-12-28
5,7,10,ur60163795,2025-12-28
5,7,10,ur211990227,2025-12-28
5,7,10,ur211993259,2025-12-28
5,7,10,ur191895683,2025-12-28
5,7,10,ur211986411,2025-12-28
5,7,10,ur210120829,2025-12-28
5,7,10,ur211993128,2025-12-28
5,7,10,ur162574610,2025-12-28
5,7,10,ur206518257,2025-12-28
5,7,10,ur211991285,2025-12-28
5,7,10,ur211980506,2025-12-28
5,7,10,ur211991285,2025-12-28
5,7,10,ur211992231,2025-12-28
5,7,10,ur203922272,2025-12-28
5,7,10,ur211936751,2025-12-28
5,7,10,ur211992052,2025-12-28
5,7,10,ur186142346,2025-12-28
5,7,10,ur211990487,2025-12-28
5,7,10,ur211991081,2025-12-28
5,7,10,ur211991552,2025-12-28
5,7,10,ur211991798,2025-12-28
5,7,10,ur211990606,2025-12-28
5,7,10,ur211946219,2025-12-28
5,7,10,ur150194760,2025-12-28
5,7,10,ur196203815,2025-12-28
5,7,10,ur211989322,2025-12-28
5,7,10,ur211965731,2025-12-28
5,7,10,ur189941869,2025-12-28
5,7,10,ur211990829,2025-12-28
5,7,10,ur211989423,2025-12-28
5,7,10,ur211990251,2025-12-28
5,7,10,ur211988587,2025-12-28
5,7,10,ur208351465,2025-12-28
5,7,10,ur211989852,2025-12-28
5,7,10,ur211392618,2025-12-28
5,7,10,ur211988445,2025-12-28
5,7,10,ur186047296,2025-12-28
5,7,10,ur211988024,2025-12-28
5,7,10,ur211957487,2025-12-28
5,7,10,ur211989112,2025-12-28
5,7,10,ur211963241,2025-12-28
5,7,10,ur211697362,2025-12-28
5,7,10,ur211987226,2025-12-28
5,7,10,ur200675488,2025-12-28
5,7,10,ur187916262,2025-12-28
5,7,10,ur211988046,2025-12-28
5,7,10,ur211988211,2025-12-28
5,7,10,ur205859662,2025-12-28
5,7,10,ur211988598,2025-12-28
5,7,10,ur200127367,2025-12-28
5,7,10,ur165211569,2025-12-28
5,7,10,ur211987849,2025-12-28
5,7,10,ur211987254,2025-12-28
5,7,10,ur210021727,2025-12-28
5,7,10,ur185118529,2025-12-28
5,7,10,ur51592718,2025-12-28
5,7,10,ur211985907,2025-12-28
5,7,10,ur211985066,2025-12-28
5,7,10,ur128455463,2025-12-28
5,7,10,ur211986521,2025-12-28
5,7,10,ur211197567,2025-12-28
5,7,10,ur62402560,2025-12-28
5,7,10,ur193035805,2025-12-28
5,7,10,ur211984832,2025-12-28
5,7,10,ur204560184,2025-12-28
5,7,10,ur211984873,2025-12-28
5,7,10,ur211983844,2025-12-28
5,7,10,ur211983627,2025-12-28
5,7,10,ur211952534,2025-12-28
5,7,10,ur211981639,2025-12-28
5,7,10,ur211984011,2025-12-28
5,7,10,ur133195882,2025-12-28
5,7,10,ur193986925,2025-12-28
5,7,10,ur161040035,2025-12-28
5,7,10,ur161322479,2025-12-28
5,7,10,ur211982655,2025-12-28
5,7,10,ur201242153,2025-12-28
5,7,10,ur211982332,2025-12-28
5,7,10,ur201174861,2025-12-28
5,7,10,ur211982670,2025-12-28
5,7,10,ur211982361,2025-12-28
5,7,10,ur189342155,2025-12-28
5,7,10,ur211964890,2025-12-28
5,7,10,ur211980905,2025-12-28
5,7,10,ur211981858,2025-12-28
5,7,10,ur211981502,2025-12-28
5,7,10,ur211936270,2025-12-28
5,7,10,ur211979817,2025-12-28
5,7,10,ur211948384,2025-12-28
5,7,10,ur211981046,2025-12-28
5,7,10,ur117876083,2025-12-28
5,7,10,ur211980839,2025-12-28
5,7,10,ur47797347,2025-12-28
5,7,10,ur211941593,2025-12-28
5,7,10,ur211980181,2025-12-28
5,7,10,ur211979991,2025-12-28
5,7,10,ur211127237,2025-12-28
5,7,10,ur211978604,2025-12-28
5,7,10,ur211978773,2025-12-28
5,7,10,ur187430407,2025-12-28
5,7,10,ur154035538,2025-12-28
5,7,10,ur85112034,2025-12-28
5,7,10,ur211977585,2025-12-28
5,7,10,ur211972595,2025-12-28
5,7,10,ur211979878,2025-12-28
5,7,10,ur211979201,2025-12-28
5,7,10,ur211978652,2025-12-28
5,7,10,ur211977210,2025-12-28
5,7,10,ur211978651,2025-12-28
5,7,10,ur211977997,2025-12-28
5,7,10,ur0259224,2025-12-28
5,7,10,ur211978239,2025-12-28
5,7,10,ur199447006,2025-12-28
5,7,10,ur211974846,2025-12-28
5,7,10,ur211976975,2025-12-28
5,7,10,ur211975765,2025-12-28
5,7,10,ur211976839,2025-12-28
5,7,10,ur211976533,2025-12-28
5,7,10,ur211976413,2025-12-28
5,7,10,ur211975796,2025-12-28
5,7,10,ur211976333,2025-12-28
5,7,10,ur211976514,2025-12-28
5,7,10,ur211974706,2025-12-28
5,7,10,ur211974857,2025-12-28
5,7,10,ur211974706,2025-12-28
5,7,10,ur96604552,2025-12-28
5,7,10,ur211973677,2025-12-28
5,7,10,ur211975610,2025-12-28
5,7,10,ur211974994,2025-12-28
5,7,10,ur211975379,2025-12-28
5,7,10,ur191705795,2025-12-28
5,7,10,ur211974036,2025-12-28
5,7,10,ur16629573,2025-12-28
5,7,10,ur14426075,2025-12-28
5,7,10,ur211975009,2025-12-28
5,7,10,ur139738771,2025-12-28
5,7,10,ur4876910,2025-12-28
5,7,10,ur211973463,2025-12-27
5,7,10,ur200392136,2025-12-27
5,7,10,ur211971497,2025-12-27
5,7,10,ur117796993,2025-12-27
5,7,10,ur51768349,2025-12-27
5,7,10,ur211973632,2025-12-27
5,7,10,ur211972805,2025-12-27
5,7,10,ur211933053,2025-12-27
5,7,10,ur177688186,2025-12-27
5,7,10,ur211972961,2025-12-27
5,7,10,ur211973145,2025-12-27
5,7,10,ur211967538,2025-12-27
5,7,10,ur211972572,2025-12-27
5,7,10,ur211971185,2025-12-27
5,7,10,ur14890223,2025-12-27
5,7,10,ur211936523,2025-12-27
5,7,10,ur211971941,2025-12-27
5,7,10,ur156251008,2025-12-27
5,7,10,ur210566269,2025-12-27
5,7,10,ur211972239,2025-12-27
5,7,10,ur211972698,2025-12-27
5,7,10,ur211972350,2025-12-27
5,7,10,ur211971057,2025-12-27
5,7,10,ur92858766,2025-12-27
5,7,10,ur126983197,2025-12-27
5,7,10,ur211969347,2025-12-27
5,7,10,ur211970185,2025-12-27
5,7,10,ur149498558,2025-12-27
5,7,10,ur211969885,2025-12-27
5,7,10,ur211385518,2025-12-27
5,7,10,ur128323811,2025-12-27
5,7,10,ur211970481,2025-12-27
5,7,10,ur35905755,2025-12-27
5,7,10,ur211413568,2025-12-27
5,7,10,ur64017751,2025-12-27
5,7,10,ur211969266,2025-12-27
5,7,10,ur211968126,2025-12-27
5,7,10,ur87487951,2025-12-27
5,7,10,ur149015400,2025-12-27
5,7,10,ur64332623,2025-12-27
5,7,10,ur206153602,2025-12-27
5,7,10,ur211948727,2025-12-27
5,7,10,ur175323523,2025-12-27
5,7,10,ur211952623,2025-12-27
5,7,10,ur211966933,2025-12-27
5,7,10,ur211967900,2025-12-27
5,7,10,ur211967486,2025-12-27
5,7,10,ur211968018,2025-12-27
5,7,10,ur211935948,2025-12-27
5,7,10,ur211640212,2025-12-27
5,7,10,ur211965787,2025-12-27
5,7,10,ur211966142,2025-12-27
5,7,10,ur197000702,2025-12-27
5,7,10,ur108789893,2025-12-27
5,7,10,ur211966770,2025-12-27
5,7,10,ur150213683,2025-12-27
5,7,10,ur211965583,2025-12-27
5,7,10,ur199455877,2025-12-27
5,7,10,ur211966600,2025-12-27
5,7,10,ur158942199,2025-12-27
5,7,10,ur211966718,2025-12-27
5,7,10,ur211966221,2025-12-27
5,7,10,ur211966269,2025-12-27
5,7,10,ur44355694,2025-12-27
5,7,10,ur211965519,2025-12-27
5,7,10,ur211963627,2025-12-27
5,7,10,ur211965760,2025-12-27
5,7,10,ur211965778,2025-12-27
5,7,10,ur211965338,2025-12-27
5,7,10,ur133477878,2025-12-27
5,7,10,ur102858673,2025-12-27
5,7,10,ur211961623,2025-12-27
5,7,10,ur208735098,2025-12-27
5,7,10,ur211964425,2025-12-27
5,7,10,ur211609972,2025-12-27
5,7,10,ur122480928,2025-12-27
5,7,10,ur211963774,2025-12-27
5,7,10,ur169720202,2025-12-27
5,7,10,ur211963185,2025-12-27
5,7,10,ur198572156,2025-12-27
5,7,10,ur37814324,2025-12-27
5,7,10,ur211962465,2025-12-27
5,7,10,ur211963869,2025-12-27
5,7,10,ur211964029,2025-12-27
5,7,10,ur211963175,2025-12-27
5,7,10,ur211941500,2025-12-27
5,7,10,ur211941192,2025-12-27
5,7,10,ur211963889,2025-12-27
5,7,10,ur67552973,2025-12-27
5,7,10,ur185344754,2025-12-27
5,7,10,ur210237993,2025-12-27
5,7,10,ur167411592,2025-12-27
5,7,10,ur152395910,2025-12-27
5,7,10,ur166529201,2025-12-27
5,7,10,ur211960802,2025-12-27
5,7,10,ur211385710,2025-12-27
5,7,10,ur211961129,2025-12-27
5,7,10,ur120823536,2025-12-27
5,7,10,ur126575163,2025-12-27
5,7,10,ur211961040,2025-12-27
5,7,10,ur170770496,2025-12-27
5,7,10,ur178993826,2025-12-27
5,7,10,ur131926308,2025-12-27
5,7,10,ur211949172,2025-12-27
5,7,10,ur211959931,2025-12-27
5,7,10,ur211960358,2025-12-27
5,7,10,ur181358374,2025-12-27
5,7,10,ur185545512,2025-12-27
5,7,10,ur207197822,2025-12-27
5,7,10,ur211480217,2025-12-27
5,7,10,ur211958470,2025-12-27
5,7,10,ur211958502,2025-12-27
5,7,10,ur135007632,2025-12-27
5,7,10,ur207339405,2025-12-27
5,7,10,ur208526556,2025-12-27
5,7,10,ur211954817,2025-12-27
5,7,10,ur204300487,2025-12-27
5,7,10,ur70459690,2025-12-27
5,7,10,ur201066113,2025-12-27
5,7,10,ur198810524,2025-12-27
5,7,10,ur199077221,2025-12-27
5,7,10,ur211384047,2025-12-27
5,7,10,ur211955952,2025-12-27
5,7,10,ur211956448,2025-12-27
5,7,10,ur154974624,2025-12-27
5,7,10,ur211945535,2025-12-27
5,7,10,ur211955079,2025-12-27
5,7,10,ur211027296,2025-12-27
5,7,10,ur67655397,2025-12-27
5,7,10,ur211732517,2025-12-27
5,7,10,ur211954083,2025-12-27
5,7,10,ur204359617,2025-12-27
5,7,10,ur60652725,2025-12-27
5,7,10,ur211944720,2025-12-27
5,7,10,ur211953251,2025-12-27
5,7,10,ur211953841,2025-12-27
5,7,10,ur166424675,2025-12-27
5,7,10,ur211951294,2025-12-27
5,7,10,ur211951981,2025-12-27
5,7,10,ur211951701,2025-12-27
5,7,10,ur120315054,2025-12-27
5,7,10,ur211950476,2025-12-27
5,7,10,ur211950824,2025-12-27
5,7,10,ur165589482,2025-12-27
5,7,10,ur211940108,2025-12-27
5,7,10,ur194935796,2025-12-27
5,7,10,ur210644074,2025-12-27
5,7,10,ur133683228,2025-12-27
5,7,10,ur211943848,2025-12-27
5,7,10,ur210491199,2025-12-27
5,7,10,ur206731047,2025-12-27
5,7,10,ur211950408,2025-12-27
5,7,10,ur168498241,2025-12-27
5,7,10,ur211949599,2025-12-27
5,7,10,ur211410942,2025-12-27
5,7,10,ur88423247,2025-12-27
5,7,10,ur211947921,2025-12-27
5,7,10,ur189210280,2025-12-27
5,7,10,ur211935554,2025-12-27
5,7,10,ur211943589,2025-12-27
5,7,10,ur211774198,2025-12-27
5,7,10,ur211946754,2025-12-27
5,7,10,ur164140975,2025-12-27
5,7,10,ur211390179,2025-12-27
5,7,10,ur211936349,2025-12-27
5,7,10,ur25372864,2025-12-27
5,7,10,ur195414361,2025-12-27
5,7,10,ur211946969,2025-12-27
5,7,10,ur211946311,2025-12-27
5,7,10,ur211946668,2025-12-26
5,7,10,ur211945445,2025-12-26
5,7,10,ur201512602,2025-12-26
5,7,10,ur211945311,2025-12-26
5,7,10,ur211945290,2025-12-26
5,7,10,ur102025852,2025-12-26
5,7,10,ur211943789,2025-12-26
5,7,10,ur146181606,2025-12-26
5,7,10,ur211944032,2025-12-26
5,7,10,ur205830910,2025-12-26
5,7,10,ur211943423,2025-12-26
5,7,10,ur198206500,2025-12-26
5,7,10,ur211944398,2025-12-26
5,7,10,ur206729578,2025-12-26
5,7,10,ur182776337,2025-12-26
5,7,10,ur211940638,2025-12-26
5,7,10,ur200782509,2025-12-26
5,7,10,ur211943708,2025-12-26
5,7,10,ur178610168,2025-12-26
5,7,10,ur211942405,2025-12-26
5,7,10,ur111299525,2025-12-26
5,7,10,ur211380105,2025-12-26
5,7,10,ur76183942,2025-12-26
5,7,10,ur211942058,2025-12-26
5,7,10,ur176909160,2025-12-26
5,7,10,ur211938455,2025-12-26
5,7,10,ur211939220,2025-12-26
5,7,10,ur199565959,2025-12-26
5,7,10,ur211937464,2025-12-26
5,7,10,ur211929017,2025-12-26
5,7,10,ur211938255,2025-12-26
5,7,10,ur211937311,2025-12-26
5,7,10,ur211938182,2025-12-26
5,7,10,ur211938548,2025-12-26
5,7,10,ur211936615,2025-12-26
5,7,10,ur211938289,2025-12-26
5,7,10,ur211938150,2025-12-26
5,7,10,ur211937524,2025-12-26
5,7,10,ur211936745,2025-12-26
5,7,10,ur211936056,2025-12-26
5,7,10,ur204499509,2025-12-26
5,7,10,ur134619956,2025-12-26
5,7,10,ur83712444,2025-12-26
5,7,10,ur211934807,2025-12-26
5,7,10,ur211935304,2025-12-26
5,7,10,ur211932682,2025-12-26
5,7,10,ur158420144,2025-12-26
5,7,10,ur160642896,2025-12-26
5,7,10,ur194888721,2025-12-26
5,7,10,ur211933103,2025-12-26
5,7,10,ur211935948,2025-12-26
5,7,10,ur149930820,2025-12-26
5,7,10,ur211934828,2025-12-26
5,7,10,ur211703847,2025-12-26
5,7,10,ur211415488,2025-12-26
5,7,10,ur211934241,2025-12-26
5,7,10,ur211934301,2025-12-26
5,7,10,ur211933743,2025-12-26
5,7,10,ur211934160,2025-12-26
5,7,10,ur200930081,2025-12-26
5,7,10,ur211931605,2025-12-26
5,7,10,ur151874741,2025-12-26
5,7,10,ur79432067,2025-12-26
5,7,10,ur211929784,2025-12-26
5,7,10,ur163194387,2025-12-26
5,7,10,ur150351737,2025-12-26
5,7,10,ur211929192,2025-12-26
5,7,10,ur200784187,2025-12-26
5,7,10,ur201740731,2025-12-26
5,7,10,ur211057839,2025-12-26
5,7,10,ur120359498,2025-12-26
5,7,10,ur3001495,2025-12-26
5,7,10,ur141847814,2025-12-26
5,7,10,ur187554523,2025-12-26
5,7,10,ur211922097,2025-12-26
5,7,10,ur200142573,2025-12-26
5,7,10,ur178266339,2025-12-26
5,7,10,ur211491635,2025-12-26
5,7,10,ur211922587,2025-12-26
5,7,10,ur207654603,2025-12-25
